FD_CODIGO,FD_DESCRIPCION,FD_DESCRIPCIONDETALLADA,FD_STATUS,FD_PORCENTAJEUTILIDAD1,FD_PORCENTAJEUTILIDAD2,FD_PORCENTAJEUTILIDAD3,FD_PORCENTAJEUTILIDAD4,FD_PORCENTAJEUTILIDAD5,FD_PORCENTAJEUTILIDAD6,FD_COMVTAPRODUCTOS,FD_COMCOBROPRODUCTOS,FD_CLASIFICACION,FD_MANEJOINVENTARIO,FD_SERIALES,FD_VENCIMIENTO,FD_OFERTAS,FD_TALLAS_EJEX,FD_TALLAS_EJEY,FD_NROPRODUCTOS,FD_DEPOSITOS,FD_PORCENTAJEDESCUENTO1,FD_PORCENTAJEDESCUENTO2,FD_PORCENTAJEDESCUENTO3,FD_PORCENTAJEDESCUENTO4,FD_PORCENTAJEDESCUENTO5,FD_PORCENTAJEDESCUENTO6,FD_TALLAS_DESCRX,FD_TALLAS_DESCRY,FD_INDEXPORCENT,FD_COMISIONVTA1,FD_COMISIONVTA2,FD_COMISIONVTA3,FD_COMISIONVTA4,FD_COMISIONVTA5,FD_COMISIONVTA6,FD_COMISIONCOB1,FD_COMISIONCOB2,FD_COMISIONCOB3,FD_COMISIONCOB4,FD_COMISIONCOB5,FD_COMISIONCOB6,FD_COMISIONVTAMIN,FD_COMISIONCOBMIN,FD_TOLERANCIA,FD_DETALLE_EJEX,FD_DETALLE_EJEY,FD_PREFIJO,BASE_AUTOINCREMENT,FD_PSICOTROPICO,FD_ARANCEL,FD_IMPRESORA
1,"A & E DISTRIBUCIONES GLOBALES, C.A.",,True,0,0,0,0,0,0,,,0,0,False,False,False,,,,True,0,0,0,0,0,0,,,-18612289,35,40,45,0,0,0,0,0,0,0,0,0,35,0,,,,,1,,,
10,ALEXANDER GONZALEZ A.,,True,0,0,0,0,0,0,,,0,0,False,False,False,,,,True,0,0,0,0,0,0,,,-1,0,0,0,0,0,0,0,0,0,0,0,0,0,0,,,,,11,,,
100,"CORPO PARTS SERVI, C.A.",,True,0,0,0,0,0,0,,,0,0,False,False,False,,,,True,0,0,0,0,0,0,,,-1,0,0,0,0,0,0,0,0,0,0,0,0,0,0,,,,,101,,,
101,CORPOANDINA C.A.,,True,0,0,0,0,0,0,,,0,0,False,False,False,,,,True,0,0,0,0,0,0,,,-1,0,0,0,0,0,0,0,0,0,0,0,0,0,0,,,,,102,,,
102,"CORPOMOTRIZ KYOTO, C.A.",,True,0,0,0,0,0,0,,,0,0,False,False,False,,,,True,0,0,0,0,0,0,,,-1,0,0,0,0,0,0,0,0,0,0,0,0,0,0,,,,,103,,,
103,"CORPORACION ALISAB, C.A.",,True,0,0,0,0,0,0,,,0,0,False,False,False,,,,True,0,0,0,0,0,0,,,-1,0,0,0,0,0,0,0,0,0,0,0,0,0,0,,,,,104,,,
104,"CORPORACION ANUBIS, C.A.",,True,0,0,0,0,0,0,,,0,0,False,False,False,,,,True,0,0,0,0,0,0,,,-1,0,0,0,0,0,0,0,0,0,0,0,0,0,0,,,,,105,,,
105,"CORPORACION BAILEY STAR, C.A.",,True,0,0,0,0,0,0,,,0,0,False,False,False,,,,True,0,0,0,0,0,0,,,-1,0,0,0,0,0,0,0,0,0,0,0,0,0,0,,,,,106,,,
106,"CORPORACION DELCO 2020, C.A.",,True,0,0,0,0,0,0,,,0,0,False,False,False,,,,True,0,0,0,0,0,0,,,-1,0,0,0,0,0,0,0,0,0,0,0,0,0,0,,,,,107,,,
107,"CORPORACION FLASH, C.A.",,True,0,0,0,0,0,0,,,0,0,False,False,False,,,,True,0,0,0,0,0,0,,,-1,0,0,0,0,0,0,0,0,0,0,0,0,0,0,,,,,108,,,
108,CORPORACION JAPON CA,,True,0,0,0,0,0,0,,,0,0,False,False,False,,,,True,0,0,0,0,0,0,,,-1,0,0,0,0,0,0,0,0,0,0,0,0,0,0,,,,,109,,,
109,"CORPORACION NARANJO, C.A",,True,0,0,0,0,0,0,,,0,0,False,False,False,,,,True,0,0,0,0,0,0,,,-1,0,0,0,0,0,0,0,0,0,0,0,0,0,0,,,,,110,,,
11,"ALL PARTS MARACAIBO, C.A",,True,0,0,0,0,0,0,,,0,0,False,False,False,,,,True,0,0,0,0,0,0,,,-1,0,0,0,0,0,0,0,0,0,0,0,0,0,0,,,,,12,,,
110,"CORPORACION RAE, C.A",,True,0,0,0,0,0,0,,,0,0,False,False,False,,,,True,0,0,0,0,0,0,,,-1,0,0,0,0,0,0,0,0,0,0,0,0,0,0,,,,,111,,,
111,"CORPORACION VP., S.A.",,True,0,0,0,0,0,0,,,0,0,False,False,False,,,,True,0,0,0,0,0,0,,,-1,0,0,0,0,0,0,0,0,0,0,0,0,0,0,,,,,112,,,
112,CRISPIN ANTONIO RIOS SALAZAR,,True,0,0,0,0,0,0,,,0,0,False,False,False,,,,True,0,0,0,0,0,0,,,-1,0,0,0,0,0,0,0,0,0,0,0,0,0,0,,,,,113,,,
113,"DACAPART'S, C.A.",,True,0,0,0,0,0,0,,,0,0,False,False,False,,,,True,0,0,0,0,0,0,,,-1,0,0,0,0,0,0,0,0,0,0,0,0,0,0,,,,,114,,,
114,DAI MOTORS S.A,,True,0,0,0,0,0,0,,,0,0,False,False,False,,,,True,0,0,0,0,0,0,,,-1,0,0,0,0,0,0,0,0,0,0,0,0,0,0,,,,,115,,,
115,"DALMOTORS, C.A.",,True,0,0,0,0,0,0,,,0,0,False,False,False,,,,True,0,0,0,0,0,0,,,-1,0,0,0,0,0,0,0,0,0,0,0,0,0,0,,,,,116,,,
116,"DECA INTERNATIONAL AUTO PARTS, S.A",,True,0,0,0,0,0,0,,,0,0,False,False,False,,,,True,0,0,0,0,0,0,,,-1,0,0,0,0,0,0,0,0,0,0,0,0,0,0,,,,,117,,,
117,"DHL 3000, C.A.",,True,0,0,0,0,0,0,,,0,0,False,False,False,,,,True,0,0,0,0,0,0,,,-1,0,0,0,0,0,0,0,0,0,0,0,0,0,0,,,,,118,,,
118,"DILCOVICA CONCESIONARIO, C.A.",,True,0,0,0,0,0,0,,,0,0,False,False,False,,,,True,0,0,0,0,0,0,,,-1,0,0,0,0,0,0,0,0,0,0,0,0,0,0,,,,,119,,,
119,"DINAMIC MATERIALS SERVICES, C.A.",,True,0,0,0,0,0,0,,,0,0,False,False,False,,,,True,0,0,0,0,0,0,,,-1,0,0,0,0,0,0,0,0,0,0,0,0,0,0,,,,,120,,,
12,"ALMA 1824, C.A.",,True,0,0,0,0,0,0,,,0,0,False,False,False,,,,True,0,0,0,0,0,0,,,-1,0,0,0,0,0,0,0,0,0,0,0,0,0,0,,,,,13,,,
120,"DINAMO, C.A.",,True,0,0,0,0,0,0,,,0,0,False,False,False,,,,True,0,0,0,0,0,0,,,-1,0,0,0,0,0,0,0,0,0,0,0,0,0,0,,,,,121,,,
121,"DIREASIA COMPANY DE VENEZUELA, C.A.",,True,0,0,0,0,0,0,,,0,0,False,False,False,,,,True,0,0,0,0,0,0,,,-1,0,0,0,0,0,0,0,0,0,0,0,0,0,0,,,,,122,,,
122,"DIRECA CARS, C.A.",,True,0,0,0,0,0,0,,,0,0,False,False,False,,,,True,0,0,0,0,0,0,,,-1,0,0,0,0,0,0,0,0,0,0,0,0,0,0,,,,,123,,,
123,DISATRE C.A,,True,0,0,0,0,0,0,,,0,0,False,False,False,,,,True,0,0,0,0,0,0,,,-1,0,0,0,0,0,0,0,0,0,0,0,0,0,0,,,,,124,,,
124,"DISHER LAGO, C.A",,True,0,0,0,0,0,0,,,0,0,False,False,False,,,,True,0,0,0,0,0,0,,,-1,0,0,0,0,0,0,0,0,0,0,0,0,0,0,,,,,125,,,
125,DISIMPERCA,,True,0,0,0,0,0,0,,,0,0,False,False,False,,,,True,0,0,0,0,0,0,,,-1,0,0,0,0,0,0,0,0,0,0,0,0,0,0,,,,,126,,,
126,"DISLUBIN, C.A.",,True,0,0,0,0,0,0,,,0,0,False,False,False,,,,True,0,0,0,0,0,0,,,-1,0,0,0,0,0,0,0,0,0,0,0,0,0,0,,,,,127,,,
127,DISLUFONSA,,True,0,0,0,0,0,0,,,0,0,False,False,False,,,,True,0,0,0,0,0,0,,,-1,0,0,0,0,0,0,0,0,0,0,0,0,0,0,,,,,128,,,
128,DISRADVEN,,True,0,0,0,0,0,0,,,0,0,False,False,False,,,,True,0,0,0,0,0,0,,,-1,0,0,0,0,0,0,0,0,0,0,0,0,0,0,,,,,129,,,
129,"DISTKOREA, C.A.",,True,0,0,0,0,0,0,,,0,0,False,False,False,,,,True,0,0,0,0,0,0,,,-1,0,0,0,0,0,0,0,0,0,0,0,0,0,0,,,,,130,,,
13,"AMERICAN PARTS DE VENEZUELA, C.A.",,True,0,0,0,0,0,0,,,0,0,False,False,False,,,,True,0,0,0,0,0,0,,,-1,0,0,0,0,0,0,0,0,0,0,0,0,0,0,,,,,14,,,
130,"DISTRIBUCIONES ELDRES, C.A.",,True,0,0,0,0,0,0,,,0,0,False,False,False,,,,True,0,0,0,0,0,0,,,-1,0,0,0,0,0,0,0,0,0,0,0,0,0,0,,,,,131,,,
131,"DISTRIBUCIONES HANEI MOTORS, C.A",,True,0,0,0,0,0,0,,,0,0,False,False,False,,,,True,0,0,0,0,0,0,,,-1,0,0,0,0,0,0,0,0,0,0,0,0,0,0,,,,,132,,,
132,"DISTRIBUCIONES KOMARCA, C.A.",,True,0,0,0,0,0,0,,,0,0,False,False,False,,,,True,0,0,0,0,0,0,,,-1,0,0,0,0,0,0,0,0,0,0,0,0,0,0,,,,,133,,,
133,"DISTRIBUCIONES M & G, C.A",,True,0,0,0,0,0,0,,,0,0,False,False,False,,,,True,0,0,0,0,0,0,,,-1,0,0,0,0,0,0,0,0,0,0,0,0,0,0,,,,,134,,,
134,DISTRIBUCIONES OCHOA,,True,0,0,0,0,0,0,,,0,0,False,False,False,,,,True,0,0,0,0,0,0,,,-1,0,0,0,0,0,0,0,0,0,0,0,0,0,0,,,,,135,,,
135,"DISTRIBUCIONES OEM, C.A",,True,0,0,0,0,0,0,,,0,0,False,False,False,,,,True,0,0,0,0,0,0,,,-1,0,0,0,0,0,0,0,0,0,0,0,0,0,0,,,,,136,,,
136,DISTRIBUIDORA AKRAM C.A,,True,0,0,0,0,0,0,,,0,0,False,False,False,,,,True,0,0,0,0,0,0,,,-1,0,0,0,0,0,0,0,0,0,0,0,0,0,0,,,,,137,,,
137,"DISTRIBUIDORA AUTANA CAR, C.A",,True,0,0,0,0,0,0,,,0,0,False,False,False,,,,True,0,0,0,0,0,0,,,-1,0,0,0,0,0,0,0,0,0,0,0,0,0,0,,,,,138,,,
138,"DISTRIBUIDORA BRICMAN, C.A.",,True,0,0,0,0,0,0,,,0,0,False,False,False,,,,True,0,0,0,0,0,0,,,-1,0,0,0,0,0,0,0,0,0,0,0,0,0,0,,,,,139,,,
139,"DISTRIBUIDORA CAES, C.A.",,True,0,0,0,0,0,0,,,0,0,False,False,False,,,,True,0,0,0,0,0,0,,,-1,0,0,0,0,0,0,0,0,0,0,0,0,0,0,,,,,140,,,
14,ANDRES ELOY MOLINARES MOLINA,,True,0,0,0,0,0,0,,,0,0,False,False,False,,,,True,0,0,0,0,0,0,,,-1,0,0,0,0,0,0,0,0,0,0,0,0,0,0,,,,,15,,,
140,"DISTRIBUIDORA DB, C.A",,True,0,0,0,0,0,0,,,0,0,False,False,False,,,,True,0,0,0,0,0,0,,,-1,0,0,0,0,0,0,0,0,0,0,0,0,0,0,,,,,141,,,
141,DISTRIBUIDORA DE FILTROS Y LUBRICANTES D,,True,0,0,0,0,0,0,,,0,0,False,False,False,,,,True,0,0,0,0,0,0,,,-1,0,0,0,0,0,0,0,0,0,0,0,0,0,0,,,,,142,,,
142,"DISTRIBUIDORA FUEL PARTS, C.A.",,True,0,0,0,0,0,0,,,0,0,False,False,False,,,,True,0,0,0,0,0,0,,,-1,0,0,0,0,0,0,0,0,0,0,0,0,0,0,,,,,143,,,
143,"DISTRIBUIDORA GONZALEZ ECHENIQUE, C.A.",,True,0,0,0,0,0,0,,,0,0,False,False,False,,,,True,0,0,0,0,0,0,,,-1,0,0,0,0,0,0,0,0,0,0,0,0,0,0,,,,,144,,,
144,"DISTRIBUIDORA GUAICATU, C.A.",,True,0,0,0,0,0,0,,,0,0,False,False,False,,,,True,0,0,0,0,0,0,,,-1,0,0,0,0,0,0,0,0,0,0,0,0,0,0,,,,,145,,,
145,"DISTRIBUIDORA JM 28, C.A.",,True,0,0,0,0,0,0,,,0,0,False,False,False,,,,True,0,0,0,0,0,0,,,-1,0,0,0,0,0,0,0,0,0,0,0,0,0,0,,,,,146,,,
146,"DISTRIBUIDORA LUBFILCA, C.A.",,True,0,0,0,0,0,0,,,0,0,False,False,False,,,,True,0,0,0,0,0,0,,,-1,0,0,0,0,0,0,0,0,0,0,0,0,0,0,,,,,147,,,
147,"DISTRIBUIDORA MASAR, C.A.",,True,0,0,0,0,0,0,,,0,0,False,False,False,,,,True,0,0,0,0,0,0,,,-1,0,0,0,0,0,0,0,0,0,0,0,0,0,0,,,,,148,,,
148,DISTRIBUIDORA REGIONAL DE LUBRICANTE A.E,,True,0,0,0,0,0,0,,,0,0,False,False,False,,,,True,0,0,0,0,0,0,,,-1,0,0,0,0,0,0,0,0,0,0,0,0,0,0,,,,,149,,,
149,"DISTRIBUIDORA SAMARIA, C.A.",,True,0,0,0,0,0,0,,,0,0,False,False,False,,,,True,0,0,0,0,0,0,,,-1,0,0,0,0,0,0,0,0,0,0,0,0,0,0,,,,,150,,,
15,"ARF EXPRESS 2012, C.A.",,True,0,0,0,0,0,0,,,0,0,False,False,False,,,,True,0,0,0,0,0,0,,,-1,0,0,0,0,0,0,0,0,0,0,0,0,0,0,,,,,16,,,
150,DISTRIBUIDORA SANTIVER,,True,0,0,0,0,0,0,,,0,0,False,False,False,,,,True,0,0,0,0,0,0,,,-1,0,0,0,0,0,0,0,0,0,0,0,0,0,0,,,,,151,,,
151,"DISTRIBUIDORA TORRENS CARRIZO, C.A.",,True,0,0,0,0,0,0,,,0,0,False,False,False,,,,True,0,0,0,0,0,0,,,-1,0,0,0,0,0,0,0,0,0,0,0,0,0,0,,,,,152,,,
152,"DISTRIBUIDORA VALLEY, C.A.",,True,0,0,0,0,0,0,,,0,0,False,False,False,,,,True,0,0,0,0,0,0,,,-1,0,0,0,0,0,0,0,0,0,0,0,0,0,0,,,,,153,,,
153,"DISTRIBUIDORA ZUPAL, C.A.",,True,0,0,0,0,0,0,,,0,0,False,False,False,,,,True,0,0,0,0,0,0,,,-1,0,0,0,0,0,0,0,0,0,0,0,0,0,0,,,,,154,,,
154,DITOMO C.A.,,True,0,0,0,0,0,0,,,0,0,False,False,False,,,,True,0,0,0,0,0,0,,,-1,0,0,0,0,0,0,0,0,0,0,0,0,0,0,,,,,155,,,
155,EDGAR ALBERTO VENTURA CABARCAS,,True,0,0,0,0,0,0,,,0,0,False,False,False,,,,True,0,0,0,0,0,0,,,-1,0,0,0,0,0,0,0,0,0,0,0,0,0,0,,,,,156,,,
156,"EL IMPERIO RA, C.A.",,True,0,0,0,0,0,0,,,0,0,False,False,False,,,,True,0,0,0,0,0,0,,,-1,0,0,0,0,0,0,0,0,0,0,0,0,0,0,,,,,157,,,
157,"EL VERDUGO CENTRO, C.A.",,True,0,0,0,0,0,0,,,0,0,False,False,False,,,,True,0,0,0,0,0,0,,,-1,0,0,0,0,0,0,0,0,0,0,0,0,0,0,,,,,158,,,
158,"ELECTRIC CAR PARTS, C.A.",,True,0,0,0,0,0,0,,,0,0,False,False,False,,,,True,0,0,0,0,0,0,,,-1,0,0,0,0,0,0,0,0,0,0,0,0,0,0,,,,,159,,,
159,"ELECTROPARTES LC, C.A.",,True,0,0,0,0,0,0,,,0,0,False,False,False,,,,True,0,0,0,0,0,0,,,-1,0,0,0,0,0,0,0,0,0,0,0,0,0,0,,,,,160,,,
16,"ASAUTO, C.A.",,True,0,0,0,0,0,0,,,0,0,False,False,False,,,,True,0,0,0,0,0,0,,,-1,0,0,0,0,0,0,0,0,0,0,0,0,0,0,,,,,17,,,
160,"ELECZANT, C.A.",,True,0,0,0,0,0,0,,,0,0,False,False,False,,,,True,0,0,0,0,0,0,,,-1,0,0,0,0,0,0,0,0,0,0,0,0,0,0,,,,,161,,,
161,ELIO ANTONIO ACEVEDO PINO,,True,0,0,0,0,0,0,,,0,0,False,False,False,,,,True,0,0,0,0,0,0,,,-1,0,0,0,0,0,0,0,0,0,0,0,0,0,0,,,,,162,,,
162,"EM AMERICAN GROUP, C.A.",,True,0,0,0,0,0,0,,,0,0,False,False,False,,,,True,0,0,0,0,0,0,,,-1,0,0,0,0,0,0,0,0,0,0,0,0,0,0,,,,,163,,,
163,"EMBRAGUES LOS COCOS, C.A.",,True,0,0,0,0,0,0,,,0,0,False,False,False,,,,True,0,0,0,0,0,0,,,-1,0,0,0,0,0,0,0,0,0,0,0,0,0,0,,,,,164,,,
164,EMPRESA ASOCIATIVA LIDER,,True,0,0,0,0,0,0,,,0,0,False,False,False,,,,True,0,0,0,0,0,0,,,-1,0,0,0,0,0,0,0,0,0,0,0,0,0,0,,,,,165,,,
165,EURO-PINO MOTORS C.A,,True,0,0,0,0,0,0,,,0,0,False,False,False,,,,True,0,0,0,0,0,0,,,-1,0,0,0,0,0,0,0,0,0,0,0,0,0,0,,,,,166,,,
166,FACTORY JAF DE FINOL,,True,0,0,0,0,0,0,,,0,0,False,False,False,,,,True,0,0,0,0,0,0,,,-1,0,0,0,0,0,0,0,0,0,0,0,0,0,0,,,,,167,,,
167,"FERREPARTES DELCA, C.A.",,True,0,0,0,0,0,0,,,0,0,False,False,False,,,,True,0,0,0,0,0,0,,,-1,0,0,0,0,0,0,0,0,0,0,0,0,0,0,,,,,168,,,
168,"FERRETERIA EPA, C.A.",,True,0,0,0,0,0,0,,,0,0,False,False,False,,,,True,0,0,0,0,0,0,,,-1,0,0,0,0,0,0,0,0,0,0,0,0,0,0,,,,,169,,,
169,"FERRETOUR, C..A",,True,0,0,0,0,0,0,,,0,0,False,False,False,,,,True,0,0,0,0,0,0,,,-1,0,0,0,0,0,0,0,0,0,0,0,0,0,0,,,,,170,,,
17,ASIA MOTORS C.A.,,True,0,0,0,0,0,0,,,0,0,False,False,False,,,,True,0,0,0,0,0,0,,,-1,0,0,0,0,0,0,0,0,0,0,0,0,0,0,,,,,18,,,
170,FHERNANDO ENRIQUE GARCIAS OLIVER,,True,0,0,0,0,0,0,,,0,0,False,False,False,,,,True,0,0,0,0,0,0,,,-1,0,0,0,0,0,0,0,0,0,0,0,0,0,0,,,,,171,,,
171,"FILTROS Y REPUESTOS LC, C.A",,True,0,0,0,0,0,0,,,0,0,False,False,False,,,,True,0,0,0,0,0,0,,,-1,0,0,0,0,0,0,0,0,0,0,0,0,0,0,,,,,172,,,
172,"FLAMINGO IMPORT, C.A.",,True,0,0,0,0,0,0,,,0,0,False,False,False,,,,True,0,0,0,0,0,0,,,-1,0,0,0,0,0,0,0,0,0,0,0,0,0,0,,,,,173,,,
173,"FMT DISTRIBUCIONES, C.A.",,True,0,0,0,0,0,0,,,0,0,False,False,False,,,,True,0,0,0,0,0,0,,,-1,0,0,0,0,0,0,0,0,0,0,0,0,0,0,,,,,174,,,
174,FUJI PARTES C.A,,True,0,0,0,0,0,0,,,0,0,False,False,False,,,,True,0,0,0,0,0,0,,,-1,0,0,0,0,0,0,0,0,0,0,0,0,0,0,,,,,175,,,
175,"GAMA REPUESTOS, C.A",,True,0,0,0,0,0,0,,,0,0,False,False,False,,,,True,0,0,0,0,0,0,,,-1,0,0,0,0,0,0,0,0,0,0,0,0,0,0,,,,,176,,,
176,GENERAL DE SUMINISTROS ANDINOS C.A,,True,0,0,0,0,0,0,,,0,0,False,False,False,,,,True,0,0,0,0,0,0,,,-1,0,0,0,0,0,0,0,0,0,0,0,0,0,0,,,,,177,,,
177,"GENERAL PARTS 2020, C.A.",,True,0,0,0,0,0,0,,,0,0,False,False,False,,,,True,0,0,0,0,0,0,,,-1,0,0,0,0,0,0,0,0,0,0,0,0,0,0,,,,,178,,,
178,GERARDO CARRIZO BERNAL,,True,0,0,0,0,0,0,,,0,0,False,False,False,,,,True,0,0,0,0,0,0,,,-1,0,0,0,0,0,0,0,0,0,0,0,0,0,0,,,,,179,,,
179,"GORFACA, C.A.",,True,0,0,0,0,0,0,,,0,0,False,False,False,,,,True,0,0,0,0,0,0,,,-1,0,0,0,0,0,0,0,0,0,0,0,0,0,0,,,,,180,,,
18,"ASIA MOTORS VENEZUELA, C.A.",,True,0,0,0,0,0,0,,,0,0,False,False,False,,,,True,0,0,0,0,0,0,,,-1,0,0,0,0,0,0,0,0,0,0,0,0,0,0,,,,,19,,,
180,"GREGORY PARTS, C.A.",,True,0,0,0,0,0,0,,,0,0,False,False,False,,,,True,0,0,0,0,0,0,,,-1,0,0,0,0,0,0,0,0,0,0,0,0,0,0,,,,,181,,,
181,"GROUP TRADE INTERNATIONAL, C.A.",,True,0,0,0,0,0,0,,,0,0,False,False,False,,,,True,0,0,0,0,0,0,,,-1,0,0,0,0,0,0,0,0,0,0,0,0,0,0,,,,,182,,,
182,"GRUPO 77 IMPORT, C.A.",,True,0,0,0,0,0,0,,,0,0,False,False,False,,,,True,0,0,0,0,0,0,,,-1,0,0,0,0,0,0,0,0,0,0,0,0,0,0,,,,,183,,,
183,"GRUPO AFER, C.A.",,True,0,0,0,0,0,0,,,0,0,False,False,False,,,,True,0,0,0,0,0,0,,,-1,0,0,0,0,0,0,0,0,0,0,0,0,0,0,,,,,184,,,
184,"GRUPO ANTOCARS, C.A.",,True,0,0,0,0,0,0,,,0,0,False,False,False,,,,True,0,0,0,0,0,0,,,-1,0,0,0,0,0,0,0,0,0,0,0,0,0,0,,,,,185,,,
185,"GRUPO DECO PAVIMENTI GDP, C.A.",,True,0,0,0,0,0,0,,,0,0,False,False,False,,,,True,0,0,0,0,0,0,,,-1,0,0,0,0,0,0,0,0,0,0,0,0,0,0,,,,,186,,,
186,"GRUPO INTERAMERICAN, C.A.",,True,0,0,0,0,0,0,,,0,0,False,False,False,,,,True,0,0,0,0,0,0,,,-1,0,0,0,0,0,0,0,0,0,0,0,0,0,0,,,,,187,,,
187,"GRUPO RATOR, C.A.",,True,0,0,0,0,0,0,,,0,0,False,False,False,,,,True,0,0,0,0,0,0,,,-1,0,0,0,0,0,0,0,0,0,0,0,0,0,0,,,,,188,,,
188,GRUPO SUPERTREN C.A,,True,0,0,0,0,0,0,,,0,0,False,False,False,,,,True,0,0,0,0,0,0,,,-1,0,0,0,0,0,0,0,0,0,0,0,0,0,0,,,,,189,,,
189,"GRUPO VARITY, C.A.",,True,0,0,0,0,0,0,,,0,0,False,False,False,,,,True,0,0,0,0,0,0,,,-1,0,0,0,0,0,0,0,0,0,0,0,0,0,0,,,,,190,,,
19,"ASIA PARTS, C.A.",,True,0,0,0,0,0,0,,,0,0,False,False,False,,,,True,0,0,0,0,0,0,,,-1,0,0,0,0,0,0,0,0,0,0,0,0,0,0,,,,,20,,,
190,"GRUPO ZUCOL, C.A.",,True,0,0,0,0,0,0,,,0,0,False,False,False,,,,True,0,0,0,0,0,0,,,-1,0,0,0,0,0,0,0,0,0,0,0,0,0,0,,,,,191,,,
191,"GUASARE PARTS, C.A",,True,0,0,0,0,0,0,,,0,0,False,False,False,,,,True,0,0,0,0,0,0,,,-1,0,0,0,0,0,0,0,0,0,0,0,0,0,0,,,,,192,,,
192,GUASPACA,,True,0,0,0,0,0,0,,,0,0,False,False,False,,,,True,0,0,0,0,0,0,,,-1,0,0,0,0,0,0,0,0,0,0,0,0,0,0,,,,,193,,,
193,"H&R - VIMAFER, C.A.",,True,0,0,0,0,0,0,,,0,0,False,False,False,,,,True,0,0,0,0,0,0,,,-1,0,0,0,0,0,0,0,0,0,0,0,0,0,0,,,,,194,,,
194,"HANEI DEALER, C.A.",,True,0,0,0,0,0,0,,,0,0,False,False,False,,,,True,0,0,0,0,0,0,,,-1,0,0,0,0,0,0,0,0,0,0,0,0,0,0,,,,,195,,,
195,HENDRY EDESIO CUBILLAN ESTRADA,,True,0,0,0,0,0,0,,,0,0,False,False,False,,,,True,0,0,0,0,0,0,,,-1,0,0,0,0,0,0,0,0,0,0,0,0,0,0,,,,,196,,,
196,"HENPART´S, C.A",,True,0,0,0,0,0,0,,,0,0,False,False,False,,,,True,0,0,0,0,0,0,,,-1,0,0,0,0,0,0,0,0,0,0,0,0,0,0,,,,,197,,,
197,HUMBERTO ENRIQUE RODRIGUEZ TALAVERA,,True,0,0,0,0,0,0,,,0,0,False,False,False,,,,True,0,0,0,0,0,0,,,-1,0,0,0,0,0,0,0,0,0,0,0,0,0,0,,,,,198,,,
198,HYUNPARTS MOTORS C.A,,True,0,0,0,0,0,0,,,0,0,False,False,False,,,,True,0,0,0,0,0,0,,,-1,0,0,0,0,0,0,0,0,0,0,0,0,0,0,,,,,199,,,
199,"I & D KEENAN, C.A.",,True,0,0,0,0,0,0,,,0,0,False,False,False,,,,True,0,0,0,0,0,0,,,-1,0,0,0,0,0,0,0,0,0,0,0,0,0,0,,,,,200,,,
2,"A & R SUMINISTROS INTERNACIONAL, C.A.",,True,0,0,0,0,0,0,,,0,0,False,False,False,,,,True,0,0,0,0,0,0,,,-1,0,0,0,0,0,0,0,0,0,0,0,0,0,0,,,,,3,,,
20,"ASIATIC PARTS, C.A.",,True,0,0,0,0,0,0,,,0,0,False,False,False,,,,True,0,0,0,0,0,0,,,-1,0,0,0,0,0,0,0,0,0,0,0,0,0,0,,,,,21,,,
200,"IBK MOTORS, C.A.",,True,0,0,0,0,0,0,,,0,0,False,False,False,,,,True,0,0,0,0,0,0,,,-1,0,0,0,0,0,0,0,0,0,0,0,0,0,0,,,,,201,,,
201,"IMPOMOTORS, C.A.",,True,0,0,0,0,0,0,,,0,0,False,False,False,,,,True,0,0,0,0,0,0,,,-1,0,0,0,0,0,0,0,0,0,0,0,0,0,0,,,,,202,,,
202,"IMPORT CONVI, C.A.",,True,0,0,0,0,0,0,,,0,0,False,False,False,,,,True,0,0,0,0,0,0,,,-1,0,0,0,0,0,0,0,0,0,0,0,0,0,0,,,,,203,,,
203,"IMPORTACIONES ASIATICAS, C.A.",,True,0,0,0,0,0,0,,,0,0,False,False,False,,,,True,0,0,0,0,0,0,,,-1,0,0,0,0,0,0,0,0,0,0,0,0,0,0,,,,,204,,,
204,IMPORTACIONES TRIGGIANO Y HERNANDEZ C.A,,True,0,0,0,0,0,0,,,0,0,False,False,False,,,,True,0,0,0,0,0,0,,,-1,0,0,0,0,0,0,0,0,0,0,0,0,0,0,,,,,205,,,
205,IMPORTADORA AKITA C.A.,,True,0,0,0,0,0,0,,,0,0,False,False,False,,,,True,0,0,0,0,0,0,,,-1,0,0,0,0,0,0,0,0,0,0,0,0,0,0,,,,,206,,,
206,"IMPORTADORA AKITA, C.A.",,True,0,0,0,0,0,0,,,0,0,False,False,False,,,,True,0,0,0,0,0,0,,,-1,0,0,0,0,0,0,0,0,0,0,0,0,0,0,,,,,207,,,
207,"IMPORTADORA ANK MOTORS, C.A.",,True,0,0,0,0,0,0,,,0,0,False,False,False,,,,True,0,0,0,0,0,0,,,-1,0,0,0,0,0,0,0,0,0,0,0,0,0,0,,,,,208,,,
208,"IMPORTADORA ANKARA MOTORS VENEZUELA, C.A",,True,0,0,0,0,0,0,,,0,0,False,False,False,,,,True,0,0,0,0,0,0,,,-1,0,0,0,0,0,0,0,0,0,0,0,0,0,0,,,,,209,,,
209,"IMPORTADORA ASI AMERICA, C.A.",,True,0,0,0,0,0,0,,,0,0,False,False,False,,,,True,0,0,0,0,0,0,,,-1,0,0,0,0,0,0,0,0,0,0,0,0,0,0,,,,,210,,,
21,ASOC. COOPERATIVA DE SUMINISTROS CATATUM,,True,0,0,0,0,0,0,,,0,0,False,False,False,,,,True,0,0,0,0,0,0,,,-1,0,0,0,0,0,0,0,0,0,0,0,0,0,0,,,,,22,,,
210,IMPORTADORA DE AUTOPARTES VANGUARD MOTOR,,True,0,0,0,0,0,0,,,0,0,False,False,False,,,,True,0,0,0,0,0,0,,,-1,0,0,0,0,0,0,0,0,0,0,0,0,0,0,,,,,211,,,
211,"IMPORTADORA E.G.M., C.A.",,True,0,0,0,0,0,0,,,0,0,False,False,False,,,,True,0,0,0,0,0,0,,,-1,0,0,0,0,0,0,0,0,0,0,0,0,0,0,,,,,212,,,
212,"IMPORTADORA EG, C.A",,True,0,0,0,0,0,0,,,0,0,False,False,False,,,,True,0,0,0,0,0,0,,,-1,0,0,0,0,0,0,0,0,0,0,0,0,0,0,,,,,213,,,
213,"IMPORTADORA L Y E PARTS, C.A.",,True,0,0,0,0,0,0,,,0,0,False,False,False,,,,True,0,0,0,0,0,0,,,-1,0,0,0,0,0,0,0,0,0,0,0,0,0,0,,,,,214,,,
214,"IMPORTADORA MA 2017, C.A.",,True,0,0,0,0,0,0,,,0,0,False,False,False,,,,True,0,0,0,0,0,0,,,-1,0,0,0,0,0,0,0,0,0,0,0,0,0,0,,,,,215,,,
215,"IMPORTADORA ORION AML, C.A",,True,0,0,0,0,0,0,,,0,0,False,False,False,,,,True,0,0,0,0,0,0,,,-1,0,0,0,0,0,0,0,0,0,0,0,0,0,0,,,,,216,,,
216,"IMPORTADORA SRK, C.A.",,True,0,0,0,0,0,0,,,0,0,False,False,False,,,,True,0,0,0,0,0,0,,,-1,0,0,0,0,0,0,0,0,0,0,0,0,0,0,,,,,217,,,
217,INCOPICA,,True,0,0,0,0,0,0,,,0,0,False,False,False,,,,True,0,0,0,0,0,0,,,-1,0,0,0,0,0,0,0,0,0,0,0,0,0,0,,,,,218,,,
218,INVERCIONES MITSUMOVIL C.A,,True,0,0,0,0,0,0,,,0,0,False,False,False,,,,True,0,0,0,0,0,0,,,-1,0,0,0,0,0,0,0,0,0,0,0,0,0,0,,,,,219,,,
219,"INVERPARTES DE OCCIDENTE, C.A.",,True,0,0,0,0,0,0,,,0,0,False,False,False,,,,True,0,0,0,0,0,0,,,-1,0,0,0,0,0,0,0,0,0,0,0,0,0,0,,,,,220,,,
22,AURA ELBA CONSUEGRA ARCINIEGAS,,True,0,0,0,0,0,0,,,0,0,False,False,False,,,,True,0,0,0,0,0,0,,,-1,0,0,0,0,0,0,0,0,0,0,0,0,0,0,,,,,23,,,
220,"INVERSIONES 1966, C.A.",,True,0,0,0,0,0,0,,,0,0,False,False,False,,,,True,0,0,0,0,0,0,,,-1,0,0,0,0,0,0,0,0,0,0,0,0,0,0,,,,,221,,,
221,"INVERSIONES 21222503, C A.",,True,0,0,0,0,0,0,,,0,0,False,False,False,,,,True,0,0,0,0,0,0,,,-1,0,0,0,0,0,0,0,0,0,0,0,0,0,0,,,,,222,,,
222,"INVERSIONES 7236383, C.A.",,True,0,0,0,0,0,0,,,0,0,False,False,False,,,,True,0,0,0,0,0,0,,,-1,0,0,0,0,0,0,0,0,0,0,0,0,0,0,,,,,223,,,
223,"INVERSIONES 7516910, C.A",,True,0,0,0,0,0,0,,,0,0,False,False,False,,,,True,0,0,0,0,0,0,,,-1,0,0,0,0,0,0,0,0,0,0,0,0,0,0,,,,,224,,,
224,"INVERSIONES A&J 0508, C.A",,True,0,0,0,0,0,0,,,0,0,False,False,False,,,,True,0,0,0,0,0,0,,,-1,0,0,0,0,0,0,0,0,0,0,0,0,0,0,,,,,225,,,
225,"INVERSIONES ABBA M&M, C.A",,True,0,0,0,0,0,0,,,0,0,False,False,False,,,,True,0,0,0,0,0,0,,,-1,0,0,0,0,0,0,0,0,0,0,0,0,0,0,,,,,226,,,
226,"INVERSIONES ADS 21, C.A.",,True,0,0,0,0,0,0,,,0,0,False,False,False,,,,True,0,0,0,0,0,0,,,-1,0,0,0,0,0,0,0,0,0,0,0,0,0,0,,,,,227,,,
227,"INVERSIONES AMAYA PINEDA, C.A",,True,0,0,0,0,0,0,,,0,0,False,False,False,,,,True,0,0,0,0,0,0,,,-1,0,0,0,0,0,0,0,0,0,0,0,0,0,0,,,,,228,,,
228,"INVERSIONES AP ROSY 2012, C.A.",,True,0,0,0,0,0,0,,,0,0,False,False,False,,,,True,0,0,0,0,0,0,,,-1,0,0,0,0,0,0,0,0,0,0,0,0,0,0,,,,,229,,,
229,"INVERSIONES ARIFRANMAR, C.A.",,True,0,0,0,0,0,0,,,0,0,False,False,False,,,,True,0,0,0,0,0,0,,,-1,0,0,0,0,0,0,0,0,0,0,0,0,0,0,,,,,230,,,
23,"AUTO & DIESEL, C.A.",,True,0,0,0,0,0,0,,,0,0,False,False,False,,,,True,0,0,0,0,0,0,,,-1,0,0,0,0,0,0,0,0,0,0,0,0,0,0,,,,,24,,,
230,"INVERSIONES ASI PARTS, C.A",,True,0,0,0,0,0,0,,,0,0,False,False,False,,,,True,0,0,0,0,0,0,,,-1,0,0,0,0,0,0,0,0,0,0,0,0,0,0,,,,,231,,,
231,"INVERSIONES ASIATICAS IMPORTS B & E, C.A",,True,0,0,0,0,0,0,,,0,0,False,False,False,,,,True,0,0,0,0,0,0,,,-1,0,0,0,0,0,0,0,0,0,0,0,0,0,0,,,,,232,,,
232,"INVERSIONES ATREVEOS, C.A.",,True,0,0,0,0,0,0,,,0,0,False,False,False,,,,True,0,0,0,0,0,0,,,-1,0,0,0,0,0,0,0,0,0,0,0,0,0,0,,,,,233,,,
233,"INVERSIONES BETEL 2013, C.A.",,True,0,0,0,0,0,0,,,0,0,False,False,False,,,,True,0,0,0,0,0,0,,,-1,0,0,0,0,0,0,0,0,0,0,0,0,0,0,,,,,234,,,
234,"INVERSIONES CONASUM, C.A.",,True,0,0,0,0,0,0,,,0,0,False,False,False,,,,True,0,0,0,0,0,0,,,-1,0,0,0,0,0,0,0,0,0,0,0,0,0,0,,,,,235,,,
235,"INVERSIONES CRG, C.A.",,True,0,0,0,0,0,0,,,0,0,False,False,False,,,,True,0,0,0,0,0,0,,,-1,0,0,0,0,0,0,0,0,0,0,0,0,0,0,,,,,236,,,
236,"INVERSIONES DELGADO CARRIZO, C.A.",,True,0,0,0,0,0,0,,,0,0,False,False,False,,,,True,0,0,0,0,0,0,,,-1,0,0,0,0,0,0,0,0,0,0,0,0,0,0,,,,,237,,,
237,"INVERSIONES DIMAR CARS, C.A.",,True,0,0,0,0,0,0,,,0,0,False,False,False,,,,True,0,0,0,0,0,0,,,-1,0,0,0,0,0,0,0,0,0,0,0,0,0,0,,,,,238,,,
238,"INVERSIONES DIREAUTO, C.A.",,True,0,0,0,0,0,0,,,0,0,False,False,False,,,,True,0,0,0,0,0,0,,,-1,0,0,0,0,0,0,0,0,0,0,0,0,0,0,,,,,239,,,
239,"INVERSIONES DISA MOTO, C.A.",,True,0,0,0,0,0,0,,,0,0,False,False,False,,,,True,0,0,0,0,0,0,,,-1,0,0,0,0,0,0,0,0,0,0,0,0,0,0,,,,,240,,,
24,"AUTO MARA OH CARROCERIA, C.A.",,True,0,0,0,0,0,0,,,0,0,False,False,False,,,,True,0,0,0,0,0,0,,,-1,0,0,0,0,0,0,0,0,0,0,0,0,0,0,,,,,25,,,
240,"INVERSIONES FENICAR'S 2012, C.A.",,True,0,0,0,0,0,0,,,0,0,False,False,False,,,,True,0,0,0,0,0,0,,,-1,0,0,0,0,0,0,0,0,0,0,0,0,0,0,,,,,241,,,
241,"INVERSIONES FRENOS CAR, C.A",,True,0,0,0,0,0,0,,,0,0,False,False,False,,,,True,0,0,0,0,0,0,,,-1,0,0,0,0,0,0,0,0,0,0,0,0,0,0,,,,,242,,,
242,"INVERSIONES FUSSION 2012, C.A.",,True,0,0,0,0,0,0,,,0,0,False,False,False,,,,True,0,0,0,0,0,0,,,-1,0,0,0,0,0,0,0,0,0,0,0,0,0,0,,,,,243,,,
243,"INVERSIONES GAVIRIA & SIERRA, C.A.",,True,0,0,0,0,0,0,,,0,0,False,False,False,,,,True,0,0,0,0,0,0,,,-1,0,0,0,0,0,0,0,0,0,0,0,0,0,0,,,,,244,,,
244,"INVERSIONES H.F.B.,C A.",,True,0,0,0,0,0,0,,,0,0,False,False,False,,,,True,0,0,0,0,0,0,,,-1,0,0,0,0,0,0,0,0,0,0,0,0,0,0,,,,,245,,,
245,"INVERSIONES HERME, C.A.",,True,0,0,0,0,0,0,,,0,0,False,False,False,,,,True,0,0,0,0,0,0,,,-1,0,0,0,0,0,0,0,0,0,0,0,0,0,0,,,,,246,,,
246,"INVERSIONES HERNANDEZ DIAZ 2021, C.A",,True,0,0,0,0,0,0,,,0,0,False,False,False,,,,True,0,0,0,0,0,0,,,-1,0,0,0,0,0,0,0,0,0,0,0,0,0,0,,,,,247,,,
247,"INVERSIONES JACKWIN RINCON, C.A.",,True,0,0,0,0,0,0,,,0,0,False,False,False,,,,True,0,0,0,0,0,0,,,-1,0,0,0,0,0,0,0,0,0,0,0,0,0,0,,,,,248,,,
248,"INVERSIONES JFLC, C.A",,True,0,0,0,0,0,0,,,0,0,False,False,False,,,,True,0,0,0,0,0,0,,,-1,0,0,0,0,0,0,0,0,0,0,0,0,0,0,,,,,249,,,
249,"INVERSIONES L & R 2000, C.A.",,True,0,0,0,0,0,0,,,0,0,False,False,False,,,,True,0,0,0,0,0,0,,,-1,0,0,0,0,0,0,0,0,0,0,0,0,0,0,,,,,250,,,
25,"AUTO PARTES D&S, C.A",,True,0,0,0,0,0,0,,,0,0,False,False,False,,,,True,0,0,0,0,0,0,,,-1,0,0,0,0,0,0,0,0,0,0,0,0,0,0,,,,,26,,,
250,"INVERSIONES LDY, C.A",,True,0,0,0,0,0,0,,,0,0,False,False,False,,,,True,0,0,0,0,0,0,,,-1,0,0,0,0,0,0,0,0,0,0,0,0,0,0,,,,,251,,,
251,INVERSIONES MIRASUR,,True,0,0,0,0,0,0,,,0,0,False,False,False,,,,True,0,0,0,0,0,0,,,-1,0,0,0,0,0,0,0,0,0,0,0,0,0,0,,,,,252,,,
252,"INVERSIONES NISSIS PARTS, C.A.",,True,0,0,0,0,0,0,,,0,0,False,False,False,,,,True,0,0,0,0,0,0,,,-1,0,0,0,0,0,0,0,0,0,0,0,0,0,0,,,,,253,,,
253,INVERSIONES ODIN C.A.,,True,0,0,0,0,0,0,,,0,0,False,False,False,,,,True,0,0,0,0,0,0,,,-1,0,0,0,0,0,0,0,0,0,0,0,0,0,0,,,,,254,,,
254,INVERSIONES OITA C.A,,True,0,0,0,0,0,0,,,0,0,False,False,False,,,,True,0,0,0,0,0,0,,,-1,0,0,0,0,0,0,0,0,0,0,0,0,0,0,,,,,255,,,
255,"INVERSIONES ORBITA AUTOMOTRIZ, C.A.",,True,0,0,0,0,0,0,,,0,0,False,False,False,,,,True,0,0,0,0,0,0,,,-1,0,0,0,0,0,0,0,0,0,0,0,0,0,0,,,,,256,,,
256,"INVERSIONES PRINTEG, C.A.",,True,0,0,0,0,0,0,,,0,0,False,False,False,,,,True,0,0,0,0,0,0,,,-1,0,0,0,0,0,0,0,0,0,0,0,0,0,0,,,,,257,,,
257,"INVERSIONES PUNTO CAR'S, C.A.",,True,0,0,0,0,0,0,,,0,0,False,False,False,,,,True,0,0,0,0,0,0,,,-1,0,0,0,0,0,0,0,0,0,0,0,0,0,0,,,,,258,,,
258,"INVERSIONES REARI, C.A.",,True,0,0,0,0,0,0,,,0,0,False,False,False,,,,True,0,0,0,0,0,0,,,-1,0,0,0,0,0,0,0,0,0,0,0,0,0,0,,,,,259,,,
259,"INVERSIONES SAMMY91, C.A.",,True,0,0,0,0,0,0,,,0,0,False,False,False,,,,True,0,0,0,0,0,0,,,-1,0,0,0,0,0,0,0,0,0,0,0,0,0,0,,,,,260,,,
26,"AUTO PARTES DE CARLO, C.A.",,True,0,0,0,0,0,0,,,0,0,False,False,False,,,,True,0,0,0,0,0,0,,,-1,0,0,0,0,0,0,0,0,0,0,0,0,0,0,,,,,27,,,
260,"INVERSIONES SUPER 3, C.A.",,True,0,0,0,0,0,0,,,0,0,False,False,False,,,,True,0,0,0,0,0,0,,,-1,0,0,0,0,0,0,0,0,0,0,0,0,0,0,,,,,261,,,
261,"INVERSIONES TRISTAR, C.A.",,True,0,0,0,0,0,0,,,0,0,False,False,False,,,,True,0,0,0,0,0,0,,,-1,0,0,0,0,0,0,0,0,0,0,0,0,0,0,,,,,262,,,
262,"INVERSIONES VIMACA 2015, C.A.",,True,0,0,0,0,0,0,,,0,0,False,False,False,,,,True,0,0,0,0,0,0,,,-1,0,0,0,0,0,0,0,0,0,0,0,0,0,0,,,,,263,,,
263,INVERSIONES Y PROYECTO ROD C.A,,True,0,0,0,0,0,0,,,0,0,False,False,False,,,,True,0,0,0,0,0,0,,,-1,0,0,0,0,0,0,0,0,0,0,0,0,0,0,,,,,264,,,
264,"INVERSIONES Y REPUESTOS LAS 3 R, C.A.",,True,0,0,0,0,0,0,,,0,0,False,False,False,,,,True,0,0,0,0,0,0,,,-1,0,0,0,0,0,0,0,0,0,0,0,0,0,0,,,,,265,,,
265,INVERSIONES Y SERVICIOS INTEGRALES B & G,,True,0,0,0,0,0,0,,,0,0,False,False,False,,,,True,0,0,0,0,0,0,,,-1,0,0,0,0,0,0,0,0,0,0,0,0,0,0,,,,,266,,,
266,"INVERSIONES Y SUMINISTROS RAUL CHIRINOS,",,True,0,0,0,0,0,0,,,0,0,False,False,False,,,,True,0,0,0,0,0,0,,,-1,0,0,0,0,0,0,0,0,0,0,0,0,0,0,,,,,267,,,
267,"INVERSORA Y DISTRIBUIDORA RETORCA, C.A.",,True,0,0,0,0,0,0,,,0,0,False,False,False,,,,True,0,0,0,0,0,0,,,-1,0,0,0,0,0,0,0,0,0,0,0,0,0,0,,,,,268,,,
268,"IRBA, C.A.",,True,0,0,0,0,0,0,,,0,0,False,False,False,,,,True,0,0,0,0,0,0,,,-1,0,0,0,0,0,0,0,0,0,0,0,0,0,0,,,,,269,,,
269,IVAN ALEXANDER BARRIOS PARRA,,True,0,0,0,0,0,0,,,0,0,False,False,False,,,,True,0,0,0,0,0,0,,,-1,0,0,0,0,0,0,0,0,0,0,0,0,0,0,,,,,270,,,
27,"AUTO PARTES ESCALANTE R.T, C.A",,True,0,0,0,0,0,0,,,0,0,False,False,False,,,,True,0,0,0,0,0,0,,,-1,0,0,0,0,0,0,0,0,0,0,0,0,0,0,,,,,28,,,
270,"J & M TURBOPARTS ZULIA, C.A.",,True,0,0,0,0,0,0,,,0,0,False,False,False,,,,True,0,0,0,0,0,0,,,-1,0,0,0,0,0,0,0,0,0,0,0,0,0,0,,,,,271,,,
271,"J'MOM PART'S, C.A.",,True,0,0,0,0,0,0,,,0,0,False,False,False,,,,True,0,0,0,0,0,0,,,-1,0,0,0,0,0,0,0,0,0,0,0,0,0,0,,,,,272,,,
272,"J.C. CASA DEL MOTOR, C.A.",,True,0,0,0,0,0,0,,,0,0,False,False,False,,,,True,0,0,0,0,0,0,,,-1,0,0,0,0,0,0,0,0,0,0,0,0,0,0,,,,,273,,,
273,"JAC IMPORT & EXPORT, C.A.",,True,0,0,0,0,0,0,,,0,0,False,False,False,,,,True,0,0,0,0,0,0,,,-1,0,0,0,0,0,0,0,0,0,0,0,0,0,0,,,,,274,,,
274,JAIME NERIO MARIN GONZALEZ,,True,0,0,0,0,0,0,,,0,0,False,False,False,,,,True,0,0,0,0,0,0,,,-1,0,0,0,0,0,0,0,0,0,0,0,0,0,0,,,,,275,,,
275,"JAKO PARTS, C.A.",,True,0,0,0,0,0,0,,,0,0,False,False,False,,,,True,0,0,0,0,0,0,,,-1,0,0,0,0,0,0,0,0,0,0,0,0,0,0,,,,,276,,,
276,JAPON PARTS C.A,,True,0,0,0,0,0,0,,,0,0,False,False,False,,,,True,0,0,0,0,0,0,,,-1,0,0,0,0,0,0,0,0,0,0,0,0,0,0,,,,,277,,,
277,"JAPON PARTS DELICIAS, C.A.",,True,0,0,0,0,0,0,,,0,0,False,False,False,,,,True,0,0,0,0,0,0,,,-1,0,0,0,0,0,0,0,0,0,0,0,0,0,0,,,,,278,,,
278,"JAPONESES IMPORT, C.A.",,True,0,0,0,0,0,0,,,0,0,False,False,False,,,,True,0,0,0,0,0,0,,,-1,0,0,0,0,0,0,0,0,0,0,0,0,0,0,,,,,279,,,
279,"JCS14,C.A",,True,0,0,0,0,0,0,,,0,0,False,False,False,,,,True,0,0,0,0,0,0,,,-1,0,0,0,0,0,0,0,0,0,0,0,0,0,0,,,,,280,,,
28,"AUTO PARTES GOSEN LD, C.A.",,True,0,0,0,0,0,0,,,0,0,False,False,False,,,,True,0,0,0,0,0,0,,,-1,0,0,0,0,0,0,0,0,0,0,0,0,0,0,,,,,29,,,
280,JONNY STEVE CALZADILLA,,True,0,0,0,0,0,0,,,0,0,False,False,False,,,,True,0,0,0,0,0,0,,,-1,0,0,0,0,0,0,0,0,0,0,0,0,0,0,,,,,281,,,
281,JORGE LEONARDO MORENO BRAVO,,True,0,0,0,0,0,0,,,0,0,False,False,False,,,,True,0,0,0,0,0,0,,,-1,0,0,0,0,0,0,0,0,0,0,0,0,0,0,,,,,282,,,
282,JOSE BARRIOS ZARRAGA,,True,0,0,0,0,0,0,,,0,0,False,False,False,,,,True,0,0,0,0,0,0,,,-1,0,0,0,0,0,0,0,0,0,0,0,0,0,0,,,,,283,,,
283,JOSE MIGUEL MANZANILLA CORONIL,,True,0,0,0,0,0,0,,,0,0,False,False,False,,,,True,0,0,0,0,0,0,,,-1,0,0,0,0,0,0,0,0,0,0,0,0,0,0,,,,,284,,,
284,KEINCA,,True,0,0,0,0,0,0,,,0,0,False,False,False,,,,True,0,0,0,0,0,0,,,-1,0,0,0,0,0,0,0,0,0,0,0,0,0,0,,,,,285,,,
285,KELVIN RAMJOHN MARTINEZ,,True,0,0,0,0,0,0,,,0,0,False,False,False,,,,True,0,0,0,0,0,0,,,-1,0,0,0,0,0,0,0,0,0,0,0,0,0,0,,,,,286,,,
286,"KOREA AUTO IMPORTS, C.A.",,True,0,0,0,0,0,0,,,0,0,False,False,False,,,,True,0,0,0,0,0,0,,,-1,0,0,0,0,0,0,0,0,0,0,0,0,0,0,,,,,287,,,
287,"KOREA MOTORS PARTS, C.A",,True,0,0,0,0,0,0,,,0,0,False,False,False,,,,True,0,0,0,0,0,0,,,-1,0,0,0,0,0,0,0,0,0,0,0,0,0,0,,,,,288,,,
288,KYUSHU PARTS C.A,,True,0,0,0,0,0,0,,,0,0,False,False,False,,,,True,0,0,0,0,0,0,,,-1,0,0,0,0,0,0,0,0,0,0,0,0,0,0,,,,,289,,,
289,LA CASA DE LOS REPUESTOS ASIATICOS,,True,0,0,0,0,0,0,,,0,0,False,False,False,,,,True,0,0,0,0,0,0,,,-1,0,0,0,0,0,0,0,0,0,0,0,0,0,0,,,,,290,,,
29,"AUTO PARTES GOSEN, C.A",,True,0,0,0,0,0,0,,,0,0,False,False,False,,,,True,0,0,0,0,0,0,,,-1,0,0,0,0,0,0,0,0,0,0,0,0,0,0,,,,,30,,,
290,"LA CHISPA DEL CABLE, C.A.",,True,0,0,0,0,0,0,,,0,0,False,False,False,,,,True,0,0,0,0,0,0,,,-1,0,0,0,0,0,0,0,0,0,0,0,0,0,0,,,,,291,,,
291,"LAUT MOTORS DE VENEZUELA, C.A.",,True,0,0,0,0,0,0,,,0,0,False,False,False,,,,True,0,0,0,0,0,0,,,-1,0,0,0,0,0,0,0,0,0,0,0,0,0,0,,,,,292,,,
292,"LUBRICANTES AMUAY CARABOBO, C.A.",,True,0,0,0,0,0,0,,,0,0,False,False,False,,,,True,0,0,0,0,0,0,,,-1,0,0,0,0,0,0,0,0,0,0,0,0,0,0,,,,,293,,,
293,"LUBRICANTES J.J, C.A.",,True,0,0,0,0,0,0,,,0,0,False,False,False,,,,True,0,0,0,0,0,0,,,-1,0,0,0,0,0,0,0,0,0,0,0,0,0,0,,,,,294,,,
294,"LUBRIFILTROS Y REPUESTOS MUNDO, C.A.",,True,0,0,0,0,0,0,,,0,0,False,False,False,,,,True,0,0,0,0,0,0,,,-1,0,0,0,0,0,0,0,0,0,0,0,0,0,0,,,,,295,,,
295,LUCIANO ANDRES GOMEZ ALTAMAR,,True,0,0,0,0,0,0,,,0,0,False,False,False,,,,True,0,0,0,0,0,0,,,-1,0,0,0,0,0,0,0,0,0,0,0,0,0,0,,,,,296,,,
296,LUIS ARTURO OSPINA RUIZ,,True,0,0,0,0,0,0,,,0,0,False,False,False,,,,True,0,0,0,0,0,0,,,-1,0,0,0,0,0,0,0,0,0,0,0,0,0,0,,,,,297,,,
297,"M.B. AUTO PARTS, C.A",,True,0,0,0,0,0,0,,,0,0,False,False,False,,,,True,0,0,0,0,0,0,,,-1,0,0,0,0,0,0,0,0,0,0,0,0,0,0,,,,,298,,,
298,MANUFACTURAS DIVERSAS 2000 C.A,,True,0,0,0,0,0,0,,,0,0,False,False,False,,,,True,0,0,0,0,0,0,,,-1,0,0,0,0,0,0,0,0,0,0,0,0,0,0,,,,,299,,,
299,"MAQUIEQUIPOS LA FLORESTA, C.A.",,True,0,0,0,0,0,0,,,0,0,False,False,False,,,,True,0,0,0,0,0,0,,,-1,0,0,0,0,0,0,0,0,0,0,0,0,0,0,,,,,300,,,
3,ABBACO REPUESTOS C.A,,True,0,0,0,0,0,0,,,0,0,False,False,False,,,,True,0,0,0,0,0,0,,,-1,0,0,0,0,0,0,0,0,0,0,0,0,0,0,,,,,4,,,
30,"AUTO PARTES HS, C.A",,True,0,0,0,0,0,0,,,0,0,False,False,False,,,,True,0,0,0,0,0,0,,,-1,0,0,0,0,0,0,0,0,0,0,0,0,0,0,,,,,31,,,
300,MARCEL ALEXANDER SANCHEZ ARELLANO,,True,0,0,0,0,0,0,,,0,0,False,False,False,,,,True,0,0,0,0,0,0,,,-1,0,0,0,0,0,0,0,0,0,0,0,0,0,0,,,,,301,,,
301,MARGARITA BRICEÑO MONTILLA,,True,0,0,0,0,0,0,,,0,0,False,False,False,,,,True,0,0,0,0,0,0,,,-1,0,0,0,0,0,0,0,0,0,0,0,0,0,0,,,,,302,,,
302,MARIA YOHAYRA RAMIREZ MEDINA,,True,0,0,0,0,0,0,,,0,0,False,False,False,,,,True,0,0,0,0,0,0,,,-1,0,0,0,0,0,0,0,0,0,0,0,0,0,0,,,,,303,,,
303,"MAXX GUAYAS Y GOMAS, C.A.",,True,0,0,0,0,0,0,,,0,0,False,False,False,,,,True,0,0,0,0,0,0,,,-1,0,0,0,0,0,0,0,0,0,0,0,0,0,0,,,,,304,,,
304,"MAYOR BAUCA, C.A.",,True,0,0,0,0,0,0,,,0,0,False,False,False,,,,True,0,0,0,0,0,0,,,-1,0,0,0,0,0,0,0,0,0,0,0,0,0,0,,,,,305,,,
305,"MAYOR BEVAL, C.A.",,True,0,0,0,0,0,0,,,0,0,False,False,False,,,,True,0,0,0,0,0,0,,,-1,0,0,0,0,0,0,0,0,0,0,0,0,0,0,,,,,306,,,
306,MAYOR DE REPUESTOS ASIATICOS C.A,,True,0,0,0,0,0,0,,,0,0,False,False,False,,,,True,0,0,0,0,0,0,,,-1,0,0,0,0,0,0,0,0,0,0,0,0,0,0,,,,,307,,,
307,"MAYOR DE REPUESTOS CATATUMBO, C.A.",,True,0,0,0,0,0,0,,,0,0,False,False,False,,,,True,0,0,0,0,0,0,,,-1,0,0,0,0,0,0,0,0,0,0,0,0,0,0,,,,,308,,,
308,"MAYOR DE REPUESTOS KOREA ZULIA, C.A.",,True,0,0,0,0,0,0,,,0,0,False,False,False,,,,True,0,0,0,0,0,0,,,-1,0,0,0,0,0,0,0,0,0,0,0,0,0,0,,,,,309,,,
309,"MAYOR DE REPUESTOS OITA, C.A.",,True,0,0,0,0,0,0,,,0,0,False,False,False,,,,True,0,0,0,0,0,0,,,-1,0,0,0,0,0,0,0,0,0,0,0,0,0,0,,,,,310,,,
31,"AUTO PARTES LA LUZ DE LA ONZA, C.A.",,True,0,0,0,0,0,0,,,0,0,False,False,False,,,,True,0,0,0,0,0,0,,,-1,0,0,0,0,0,0,0,0,0,0,0,0,0,0,,,,,32,,,
310,"MAYOR DE REPUESTOS Y SERVICIOS ABBACO, C",,True,0,0,0,0,0,0,,,0,0,False,False,False,,,,True,0,0,0,0,0,0,,,-1,0,0,0,0,0,0,0,0,0,0,0,0,0,0,,,,,311,,,
311,MAYOR EXPRESS C.A,,True,0,0,0,0,0,0,,,0,0,False,False,False,,,,True,0,0,0,0,0,0,,,-1,0,0,0,0,0,0,0,0,0,0,0,0,0,0,,,,,312,,,
312,"MAYOR IMPORT 357, C.A.",,True,0,0,0,0,0,0,,,0,0,False,False,False,,,,True,0,0,0,0,0,0,,,-1,0,0,0,0,0,0,0,0,0,0,0,0,0,0,,,,,313,,,
313,"MAYOR INVEBRICA, C.A.",,True,0,0,0,0,0,0,,,0,0,False,False,False,,,,True,0,0,0,0,0,0,,,-1,0,0,0,0,0,0,0,0,0,0,0,0,0,0,,,,,314,,,
314,"MAYOR JV, C.A.",,True,0,0,0,0,0,0,,,0,0,False,False,False,,,,True,0,0,0,0,0,0,,,-1,0,0,0,0,0,0,0,0,0,0,0,0,0,0,,,,,315,,,
315,"MAYOR KOREANO, C.A.",,True,0,0,0,0,0,0,,,0,0,False,False,False,,,,True,0,0,0,0,0,0,,,-1,0,0,0,0,0,0,0,0,0,0,0,0,0,0,,,,,316,,,
316,"MAYOR PARTES SDS, C.A.",,True,0,0,0,0,0,0,,,0,0,False,False,False,,,,True,0,0,0,0,0,0,,,-1,0,0,0,0,0,0,0,0,0,0,0,0,0,0,,,,,317,,,
317,"MAYORBAL, C.A",,True,0,0,0,0,0,0,,,0,0,False,False,False,,,,True,0,0,0,0,0,0,,,-1,0,0,0,0,0,0,0,0,0,0,0,0,0,0,,,,,318,,,
318,"MECANICA AUTOMOTRIZ LA 13, C.A.",,True,0,0,0,0,0,0,,,0,0,False,False,False,,,,True,0,0,0,0,0,0,,,-1,0,0,0,0,0,0,0,0,0,0,0,0,0,0,,,,,319,,,
319,"MEDINA SUPPLAY, C.A.",,True,0,0,0,0,0,0,,,0,0,False,False,False,,,,True,0,0,0,0,0,0,,,-1,0,0,0,0,0,0,0,0,0,0,0,0,0,0,,,,,320,,,
32,AUTO PARTES MARA O.H. C.A.,,True,0,0,0,0,0,0,,,0,0,False,False,False,,,,True,0,0,0,0,0,0,,,-1,0,0,0,0,0,0,0,0,0,0,0,0,0,0,,,,,33,,,
320,"MEGA REPUESTOS ANDINA, C.A.",,True,0,0,0,0,0,0,,,0,0,False,False,False,,,,True,0,0,0,0,0,0,,,-1,0,0,0,0,0,0,0,0,0,0,0,0,0,0,,,,,321,,,
321,"MEGA REPUESTOS LCL, C.A.",,True,0,0,0,0,0,0,,,0,0,False,False,False,,,,True,0,0,0,0,0,0,,,-1,0,0,0,0,0,0,0,0,0,0,0,0,0,0,,,,,322,,,
322,MERCOASIA DE REPUESTOS C.A.,,True,0,0,0,0,0,0,,,0,0,False,False,False,,,,True,0,0,0,0,0,0,,,-1,0,0,0,0,0,0,0,0,0,0,0,0,0,0,,,,,323,,,
323,"MERU-Q, C.A.",,True,0,0,0,0,0,0,,,0,0,False,False,False,,,,True,0,0,0,0,0,0,,,-1,0,0,0,0,0,0,0,0,0,0,0,0,0,0,,,,,324,,,
324,"METROPOLIS CARS 2009, C.A.",,True,0,0,0,0,0,0,,,0,0,False,False,False,,,,True,0,0,0,0,0,0,,,-1,0,0,0,0,0,0,0,0,0,0,0,0,0,0,,,,,325,,,
325,"MICHIGAN SPARE PARTS, C.A.",,True,0,0,0,0,0,0,,,0,0,False,False,False,,,,True,0,0,0,0,0,0,,,-1,0,0,0,0,0,0,0,0,0,0,0,0,0,0,,,,,326,,,
326,MITSULAGO C.A.,,True,0,0,0,0,0,0,,,0,0,False,False,False,,,,True,0,0,0,0,0,0,,,-1,0,0,0,0,0,0,0,0,0,0,0,0,0,0,,,,,327,,,
327,"MITSUPARTES MARACAIBO, C.A.",,True,0,0,0,0,0,0,,,0,0,False,False,False,,,,True,0,0,0,0,0,0,,,-1,0,0,0,0,0,0,0,0,0,0,0,0,0,0,,,,,328,,,
328,"MM 2111, C.A.",,True,0,0,0,0,0,0,,,0,0,False,False,False,,,,True,0,0,0,0,0,0,,,-1,0,0,0,0,0,0,0,0,0,0,0,0,0,0,,,,,329,,,
329,"MONT, C.A.",,True,0,0,0,0,0,0,,,0,0,False,False,False,,,,True,0,0,0,0,0,0,,,-1,0,0,0,0,0,0,0,0,0,0,0,0,0,0,,,,,330,,,
33,"AUTO PARTES R.L.W., C.A",,True,0,0,0,0,0,0,,,0,0,False,False,False,,,,True,0,0,0,0,0,0,,,-1,0,0,0,0,0,0,0,0,0,0,0,0,0,0,,,,,34,,,
330,"MOTO MASTRO, C.A.",,True,0,0,0,0,0,0,,,0,0,False,False,False,,,,True,0,0,0,0,0,0,,,-1,0,0,0,0,0,0,0,0,0,0,0,0,0,0,,,,,331,,,
331,MOTOS CARS REPUESTOS,,True,0,0,0,0,0,0,,,0,0,False,False,False,,,,True,0,0,0,0,0,0,,,-1,0,0,0,0,0,0,0,0,0,0,0,0,0,0,,,,,332,,,
332,"MOVIL STOCK, C.A.",,True,0,0,0,0,0,0,,,0,0,False,False,False,,,,True,0,0,0,0,0,0,,,-1,0,0,0,0,0,0,0,0,0,0,0,0,0,0,,,,,333,,,
333,"MULTIMARCAS DE OCCIDENTE, C.A.",,True,0,0,0,0,0,0,,,0,0,False,False,False,,,,True,0,0,0,0,0,0,,,-1,0,0,0,0,0,0,0,0,0,0,0,0,0,0,,,,,334,,,
334,"MULTINVERSIONES Y SERVICIOS PACO, C.A.",,True,0,0,0,0,0,0,,,0,0,False,False,False,,,,True,0,0,0,0,0,0,,,-1,0,0,0,0,0,0,0,0,0,0,0,0,0,0,,,,,335,,,
335,"MULTIREPUESTOS R & L, C.A.",,True,0,0,0,0,0,0,,,0,0,False,False,False,,,,True,0,0,0,0,0,0,,,-1,0,0,0,0,0,0,0,0,0,0,0,0,0,0,,,,,336,,,
336,"MULTISERVICIOS, SUMINISTROS Y FRENOS, C.",,True,0,0,0,0,0,0,,,0,0,False,False,False,,,,True,0,0,0,0,0,0,,,-1,0,0,0,0,0,0,0,0,0,0,0,0,0,0,,,,,337,,,
337,"MUNDIAL DE PARTES, C.A.",,True,0,0,0,0,0,0,,,0,0,False,False,False,,,,True,0,0,0,0,0,0,,,-1,0,0,0,0,0,0,0,0,0,0,0,0,0,0,,,,,338,,,
338,"MUNDO ASIATICO DELICIAS, C.A.",,True,0,0,0,0,0,0,,,0,0,False,False,False,,,,True,0,0,0,0,0,0,,,-1,0,0,0,0,0,0,0,0,0,0,0,0,0,0,,,,,339,,,
339,"MUNDO REPUESTO, C.A.",,True,0,0,0,0,0,0,,,0,0,False,False,False,,,,True,0,0,0,0,0,0,,,-1,0,0,0,0,0,0,0,0,0,0,0,0,0,0,,,,,340,,,
34,"AUTO PARTES Y ACCESORIOS M.P, C.A",,True,0,0,0,0,0,0,,,0,0,False,False,False,,,,True,0,0,0,0,0,0,,,-1,0,0,0,0,0,0,0,0,0,0,0,0,0,0,,,,,35,,,
340,"NAGOYA PARTS, C.A",,True,0,0,0,0,0,0,,,0,0,False,False,False,,,,True,0,0,0,0,0,0,,,-1,0,0,0,0,0,0,0,0,0,0,0,0,0,0,,,,,341,,,
341,"NAP AUTOMOTRIZ, C.A.",,True,0,0,0,0,0,0,,,0,0,False,False,False,,,,True,0,0,0,0,0,0,,,-1,0,0,0,0,0,0,0,0,0,0,0,0,0,0,,,,,342,,,
342,NAPCA IMPORT C.A,,True,0,0,0,0,0,0,,,0,0,False,False,False,,,,True,0,0,0,0,0,0,,,-1,0,0,0,0,0,0,0,0,0,0,0,0,0,0,,,,,343,,,
343,"NIKKEI AUTO PARTS, C.A.",,True,0,0,0,0,0,0,,,0,0,False,False,False,,,,True,0,0,0,0,0,0,,,-1,0,0,0,0,0,0,0,0,0,0,0,0,0,0,,,,,344,,,
344,"NIPPON AUTO-PARTS, C.A.",,True,0,0,0,0,0,0,,,0,0,False,False,False,,,,True,0,0,0,0,0,0,,,-1,0,0,0,0,0,0,0,0,0,0,0,0,0,0,,,,,345,,,
345,NISHI PARTS C.A,,True,0,0,0,0,0,0,,,0,0,False,False,False,,,,True,0,0,0,0,0,0,,,-1,0,0,0,0,0,0,0,0,0,0,0,0,0,0,,,,,346,,,
346,"NOFFRA 2000, C.A.",,True,0,0,0,0,0,0,,,0,0,False,False,False,,,,True,0,0,0,0,0,0,,,-1,0,0,0,0,0,0,0,0,0,0,0,0,0,0,,,,,347,,,
347,NORAUTO C.A,,True,0,0,0,0,0,0,,,0,0,False,False,False,,,,True,0,0,0,0,0,0,,,-1,0,0,0,0,0,0,0,0,0,0,0,0,0,0,,,,,348,,,
348,"NORTH AMERICAN INTERNATIONAL, C.A.",,True,0,0,0,0,0,0,,,0,0,False,False,False,,,,True,0,0,0,0,0,0,,,-1,0,0,0,0,0,0,0,0,0,0,0,0,0,0,,,,,349,,,
349,"OBICON AUTOMOBILE TECHNOLOGIES, C.A.",,True,0,0,0,0,0,0,,,0,0,False,False,False,,,,True,0,0,0,0,0,0,,,-1,0,0,0,0,0,0,0,0,0,0,0,0,0,0,,,,,350,,,
35,"AUTO PARTS ESCALANTE, C.A.",,True,0,0,0,0,0,0,,,0,0,False,False,False,,,,True,0,0,0,0,0,0,,,-1,0,0,0,0,0,0,0,0,0,0,0,0,0,0,,,,,36,,,
350,"OCCIREPUESTOS, C.A.",,True,0,0,0,0,0,0,,,0,0,False,False,False,,,,True,0,0,0,0,0,0,,,-1,0,0,0,0,0,0,0,0,0,0,0,0,0,0,,,,,351,,,
351,"OIL MATERIALS SUPPLY, C.A.",,True,0,0,0,0,0,0,,,0,0,False,False,False,,,,True,0,0,0,0,0,0,,,-1,0,0,0,0,0,0,0,0,0,0,0,0,0,0,,,,,352,,,
352,"OKIMPORT, C.A",,True,0,0,0,0,0,0,,,0,0,False,False,False,,,,True,0,0,0,0,0,0,,,-1,0,0,0,0,0,0,0,0,0,0,0,0,0,0,,,,,353,,,
353,ONLY CLUTCH EMBRAGUES C.A,,True,0,0,0,0,0,0,,,0,0,False,False,False,,,,True,0,0,0,0,0,0,,,-1,0,0,0,0,0,0,0,0,0,0,0,0,0,0,,,,,354,,,
354,"OSAKI MOTORS, C.A.",,True,0,0,0,0,0,0,,,0,0,False,False,False,,,,True,0,0,0,0,0,0,,,-1,0,0,0,0,0,0,0,0,0,0,0,0,0,0,,,,,355,,,
355,"OTESCA OCCIDENTE, C.A.",,True,0,0,0,0,0,0,,,0,0,False,False,False,,,,True,0,0,0,0,0,0,,,-1,0,0,0,0,0,0,0,0,0,0,0,0,0,0,,,,,356,,,
356,"P Y B IMPORT 2013, C.A.",,True,0,0,0,0,0,0,,,0,0,False,False,False,,,,True,0,0,0,0,0,0,,,-1,0,0,0,0,0,0,0,0,0,0,0,0,0,0,,,,,357,,,
357,"PALACIO IMPORT, C.A.",,True,0,0,0,0,0,0,,,0,0,False,False,False,,,,True,0,0,0,0,0,0,,,-1,0,0,0,0,0,0,0,0,0,0,0,0,0,0,,,,,358,,,
358,PALACIO MOTORS C.A,,True,0,0,0,0,0,0,,,0,0,False,False,False,,,,True,0,0,0,0,0,0,,,-1,0,0,0,0,0,0,0,0,0,0,0,0,0,0,,,,,359,,,
359,PC STORE II C.A.,,True,0,0,0,0,0,0,,,0,0,False,False,False,,,,True,0,0,0,0,0,0,,,-1,0,0,0,0,0,0,0,0,0,0,0,0,0,0,,,,,360,,,
36,"AUTO PARTS RAL CARDS, C.A.",,True,0,0,0,0,0,0,,,0,0,False,False,False,,,,True,0,0,0,0,0,0,,,-1,0,0,0,0,0,0,0,0,0,0,0,0,0,0,,,,,37,,,
360,"PERFORMANCE LUBRICANTS, C.A",,True,0,0,0,0,0,0,,,0,0,False,False,False,,,,True,0,0,0,0,0,0,,,-1,0,0,0,0,0,0,0,0,0,0,0,0,0,0,,,,,361,,,
361,"PHANTOM CB, C.A.",,True,0,0,0,0,0,0,,,0,0,False,False,False,,,,True,0,0,0,0,0,0,,,-1,0,0,0,0,0,0,0,0,0,0,0,0,0,0,,,,,362,,,
362,"PRECA, S.A.",,True,0,0,0,0,0,0,,,0,0,False,False,False,,,,True,0,0,0,0,0,0,,,-1,0,0,0,0,0,0,0,0,0,0,0,0,0,0,,,,,363,,,
363,"PRIDEL, C.A.",,True,0,0,0,0,0,0,,,0,0,False,False,False,,,,True,0,0,0,0,0,0,,,-1,0,0,0,0,0,0,0,0,0,0,0,0,0,0,,,,,364,,,
364,"PRO-ACCE, C.A.",,True,0,0,0,0,0,0,,,0,0,False,False,False,,,,True,0,0,0,0,0,0,,,-1,0,0,0,0,0,0,0,0,0,0,0,0,0,0,,,,,365,,,
365,"R.G. REPRESENTACIONES, C.A.",,True,0,0,0,0,0,0,,,0,0,False,False,False,,,,True,0,0,0,0,0,0,,,-1,0,0,0,0,0,0,0,0,0,0,0,0,0,0,,,,,366,,,
366,RAMON ERNESTO SOTO MARQUEZ,,True,0,0,0,0,0,0,,,0,0,False,False,False,,,,True,0,0,0,0,0,0,,,-1,0,0,0,0,0,0,0,0,0,0,0,0,0,0,,,,,367,,,
367,"REFEMPCA, C.A.",,True,0,0,0,0,0,0,,,0,0,False,False,False,,,,True,0,0,0,0,0,0,,,-1,0,0,0,0,0,0,0,0,0,0,0,0,0,0,,,,,368,,,
368,REP Y PARTES ELECTRICAS LA FORTALEZA C.A,,True,0,0,0,0,0,0,,,0,0,False,False,False,,,,True,0,0,0,0,0,0,,,-1,0,0,0,0,0,0,0,0,0,0,0,0,0,0,,,,,369,,,
369,"REPRESENTACIONES ASIATICAS, S.A.",,True,0,0,0,0,0,0,,,0,0,False,False,False,,,,True,0,0,0,0,0,0,,,-1,0,0,0,0,0,0,0,0,0,0,0,0,0,0,,,,,370,,,
37,"AUTO REFRIGERACION MECANICA ZULIA, C.A",,True,0,0,0,0,0,0,,,0,0,False,False,False,,,,True,0,0,0,0,0,0,,,-1,0,0,0,0,0,0,0,0,0,0,0,0,0,0,,,,,38,,,
370,"REPRESENTACIONES CAFENOL, S.A.",,True,0,0,0,0,0,0,,,0,0,False,False,False,,,,True,0,0,0,0,0,0,,,-1,0,0,0,0,0,0,0,0,0,0,0,0,0,0,,,,,371,,,
371,"REPRESENTACIONES CARLOS E DE CARLOS V, C",,True,0,0,0,0,0,0,,,0,0,False,False,False,,,,True,0,0,0,0,0,0,,,-1,0,0,0,0,0,0,0,0,0,0,0,0,0,0,,,,,372,,,
372,"REPRESENTACIONES CJZ, C.A.",,True,0,0,0,0,0,0,,,0,0,False,False,False,,,,True,0,0,0,0,0,0,,,-1,0,0,0,0,0,0,0,0,0,0,0,0,0,0,,,,,373,,,
373,"REPRESENTACIONES DANIEL SANDREA, C.A.",,True,0,0,0,0,0,0,,,0,0,False,False,False,,,,True,0,0,0,0,0,0,,,-1,0,0,0,0,0,0,0,0,0,0,0,0,0,0,,,,,374,,,
374,"REPRESENTACIONES E INVERSIONES M & B, C.",,True,0,0,0,0,0,0,,,0,0,False,False,False,,,,True,0,0,0,0,0,0,,,-1,0,0,0,0,0,0,0,0,0,0,0,0,0,0,,,,,375,,,
375,REPRESENTACIONES E INVERSIONES VENEZUELA,,True,0,0,0,0,0,0,,,0,0,False,False,False,,,,True,0,0,0,0,0,0,,,-1,0,0,0,0,0,0,0,0,0,0,0,0,0,0,,,,,376,,,
376,REPRESENTACIONES HAYNEL B. C.A.,,True,0,0,0,0,0,0,,,0,0,False,False,False,,,,True,0,0,0,0,0,0,,,-1,0,0,0,0,0,0,0,0,0,0,0,0,0,0,,,,,377,,,
377,"REPRESENTACIONES IMBRA, C.A.",,True,0,0,0,0,0,0,,,0,0,False,False,False,,,,True,0,0,0,0,0,0,,,-1,0,0,0,0,0,0,0,0,0,0,0,0,0,0,,,,,378,,,
378,"REPRESENTACIONES IMDI, C.A",,True,0,0,0,0,0,0,,,0,0,False,False,False,,,,True,0,0,0,0,0,0,,,-1,0,0,0,0,0,0,0,0,0,0,0,0,0,0,,,,,379,,,
379,"REPRESENTACIONES LEONYCAR, C.A.",,True,0,0,0,0,0,0,,,0,0,False,False,False,,,,True,0,0,0,0,0,0,,,-1,0,0,0,0,0,0,0,0,0,0,0,0,0,0,,,,,380,,,
38,"AUTO REPUESTOS EL SUPER, C.A.",,True,0,0,0,0,0,0,,,0,0,False,False,False,,,,True,0,0,0,0,0,0,,,-1,0,0,0,0,0,0,0,0,0,0,0,0,0,0,,,,,39,,,
380,"REPRESENTACIONES LOA 1475, C.A.",,True,0,0,0,0,0,0,,,0,0,False,False,False,,,,True,0,0,0,0,0,0,,,-1,0,0,0,0,0,0,0,0,0,0,0,0,0,0,,,,,381,,,
381,REPRESENTACIONES R & Y,,True,0,0,0,0,0,0,,,0,0,False,False,False,,,,True,0,0,0,0,0,0,,,-1,0,0,0,0,0,0,0,0,0,0,0,0,0,0,,,,,382,,,
382,"REPRESENTACIONES SAJ, C.A.",,True,0,0,0,0,0,0,,,0,0,False,False,False,,,,True,0,0,0,0,0,0,,,-1,0,0,0,0,0,0,0,0,0,0,0,0,0,0,,,,,383,,,
383,"REPRESENTACIONES STEVENSON, C.A.",,True,0,0,0,0,0,0,,,0,0,False,False,False,,,,True,0,0,0,0,0,0,,,-1,0,0,0,0,0,0,0,0,0,0,0,0,0,0,,,,,384,,,
384,"REPRESENTACIONES VENEAUTO, C.A.",,True,0,0,0,0,0,0,,,0,0,False,False,False,,,,True,0,0,0,0,0,0,,,-1,0,0,0,0,0,0,0,0,0,0,0,0,0,0,,,,,385,,,
385,"REPRESENTACIONES VENKOR, C.A",,True,0,0,0,0,0,0,,,0,0,False,False,False,,,,True,0,0,0,0,0,0,,,-1,0,0,0,0,0,0,0,0,0,0,0,0,0,0,,,,,386,,,
386,"REPRO, C.A.",,True,0,0,0,0,0,0,,,0,0,False,False,False,,,,True,0,0,0,0,0,0,,,-1,0,0,0,0,0,0,0,0,0,0,0,0,0,0,,,,,387,,,
387,"REPUESTO FERREMI, C.A.",,True,0,0,0,0,0,0,,,0,0,False,False,False,,,,True,0,0,0,0,0,0,,,-1,0,0,0,0,0,0,0,0,0,0,0,0,0,0,,,,,388,,,
388,"REPUESTOS COREANOS SMITH RODRIGUEZ, C.A.",,True,0,0,0,0,0,0,,,0,0,False,False,False,,,,True,0,0,0,0,0,0,,,-1,0,0,0,0,0,0,0,0,0,0,0,0,0,0,,,,,389,,,
389,REPUESTOS DAROCA C.A,,True,0,0,0,0,0,0,,,0,0,False,False,False,,,,True,0,0,0,0,0,0,,,-1,0,0,0,0,0,0,0,0,0,0,0,0,0,0,,,,,390,,,
39,"AUTO REPUESTOS GOYO 2007, C.A.",,True,0,0,0,0,0,0,,,0,0,False,False,False,,,,True,0,0,0,0,0,0,,,-1,0,0,0,0,0,0,0,0,0,0,0,0,0,0,,,,,40,,,
390,"REPUESTOS DILARCA, C.A.",,True,0,0,0,0,0,0,,,0,0,False,False,False,,,,True,0,0,0,0,0,0,,,-1,0,0,0,0,0,0,0,0,0,0,0,0,0,0,,,,,391,,,
391,"REPUESTOS EL CARMEN MARACAIBO, C.A",,True,0,0,0,0,0,0,,,0,0,False,False,False,,,,True,0,0,0,0,0,0,,,-1,0,0,0,0,0,0,0,0,0,0,0,0,0,0,,,,,392,,,
392,REPUESTOS EUROLAGO C.A,,True,0,0,0,0,0,0,,,0,0,False,False,False,,,,True,0,0,0,0,0,0,,,-1,0,0,0,0,0,0,0,0,0,0,0,0,0,0,,,,,393,,,
393,"REPUESTOS J Y F, C.A.",,True,0,0,0,0,0,0,,,0,0,False,False,False,,,,True,0,0,0,0,0,0,,,-1,0,0,0,0,0,0,0,0,0,0,0,0,0,0,,,,,394,,,
394,"REPUESTOS MOTORCAR, C.A.",,True,0,0,0,0,0,0,,,0,0,False,False,False,,,,True,0,0,0,0,0,0,,,-1,0,0,0,0,0,0,0,0,0,0,0,0,0,0,,,,,395,,,
395,"REPUESTOS ORIENTAL, C.A.",,True,0,0,0,0,0,0,,,0,0,False,False,False,,,,True,0,0,0,0,0,0,,,-1,0,0,0,0,0,0,0,0,0,0,0,0,0,0,,,,,396,,,
396,REPUESTOS ORION C.A,,True,0,0,0,0,0,0,,,0,0,False,False,False,,,,True,0,0,0,0,0,0,,,-1,0,0,0,0,0,0,0,0,0,0,0,0,0,0,,,,,397,,,
397,REPUESTOS PEREZ C.A,,True,0,0,0,0,0,0,,,0,0,False,False,False,,,,True,0,0,0,0,0,0,,,-1,0,0,0,0,0,0,0,0,0,0,0,0,0,0,,,,,398,,,
398,"REPUESTOS POLIMOTOR, C.A.",,True,0,0,0,0,0,0,,,0,0,False,False,False,,,,True,0,0,0,0,0,0,,,-1,0,0,0,0,0,0,0,0,0,0,0,0,0,0,,,,,399,,,
399,"REPUESTOS REIMAR 2008, C.A.",,True,0,0,0,0,0,0,,,0,0,False,False,False,,,,True,0,0,0,0,0,0,,,-1,0,0,0,0,0,0,0,0,0,0,0,0,0,0,,,,,400,,,
4,"ACONCAGUA IMPORT, C.A.",,True,0,0,0,0,0,0,,,0,0,False,False,False,,,,True,0,0,0,0,0,0,,,-1,0,0,0,0,0,0,0,0,0,0,0,0,0,0,,,,,5,,,
40,AUTO REPUESTOS KOREAMAR C.A,,True,0,0,0,0,0,0,,,0,0,False,False,False,,,,True,0,0,0,0,0,0,,,-1,0,0,0,0,0,0,0,0,0,0,0,0,0,0,,,,,41,,,
400,"REPUESTOS REPINCA, C.A.",,True,0,0,0,0,0,0,,,0,0,False,False,False,,,,True,0,0,0,0,0,0,,,-1,0,0,0,0,0,0,0,0,0,0,0,0,0,0,,,,,401,,,
401,"REPUESTOS REYVEN, C.A",,True,0,0,0,0,0,0,,,0,0,False,False,False,,,,True,0,0,0,0,0,0,,,-1,0,0,0,0,0,0,0,0,0,0,0,0,0,0,,,,,402,,,
402,"REPUESTOS RV & GM, C.A.",,True,0,0,0,0,0,0,,,0,0,False,False,False,,,,True,0,0,0,0,0,0,,,-1,0,0,0,0,0,0,0,0,0,0,0,0,0,0,,,,,403,,,
403,REPUESTOS SUSPENSIONES Y AMORTIGUADORES,,True,0,0,0,0,0,0,,,0,0,False,False,False,,,,True,0,0,0,0,0,0,,,-1,0,0,0,0,0,0,0,0,0,0,0,0,0,0,,,,,404,,,
404,REPUESTOS TORECA,,True,0,0,0,0,0,0,,,0,0,False,False,False,,,,True,0,0,0,0,0,0,,,-1,0,0,0,0,0,0,0,0,0,0,0,0,0,0,,,,,405,,,
405,"REPUESTOS Y ACCESORIOS CARS HR, C.A.",,True,0,0,0,0,0,0,,,0,0,False,False,False,,,,True,0,0,0,0,0,0,,,-1,0,0,0,0,0,0,0,0,0,0,0,0,0,0,,,,,406,,,
406,"REPUESTOS Y ACCESORIOS EL AVILA 2014, C.",,True,0,0,0,0,0,0,,,0,0,False,False,False,,,,True,0,0,0,0,0,0,,,-1,0,0,0,0,0,0,0,0,0,0,0,0,0,0,,,,,407,,,
407,"REPUESTOS Y ACCESORIOS ZULIACAR'S, C.A.",,True,0,0,0,0,0,0,,,0,0,False,False,False,,,,True,0,0,0,0,0,0,,,-1,0,0,0,0,0,0,0,0,0,0,0,0,0,0,,,,,408,,,
408,"REPUESTOS Y FRENOS DAVID A, C.A.",,True,0,0,0,0,0,0,,,0,0,False,False,False,,,,True,0,0,0,0,0,0,,,-1,0,0,0,0,0,0,0,0,0,0,0,0,0,0,,,,,409,,,
409,REPUESTOS Y SERVICIO GEO-CAR C.A,,True,0,0,0,0,0,0,,,0,0,False,False,False,,,,True,0,0,0,0,0,0,,,-1,0,0,0,0,0,0,0,0,0,0,0,0,0,0,,,,,410,,,
41,"AUTO REPUESTOS LA 75, C.A.",,True,0,0,0,0,0,0,,,0,0,False,False,False,,,,True,0,0,0,0,0,0,,,-1,0,0,0,0,0,0,0,0,0,0,0,0,0,0,,,,,42,,,
410,"REPVAR, C.A.",,True,0,0,0,0,0,0,,,0,0,False,False,False,,,,True,0,0,0,0,0,0,,,-1,0,0,0,0,0,0,0,0,0,0,0,0,0,0,,,,,411,,,
411,RETOMAR C.A,,True,0,0,0,0,0,0,,,0,0,False,False,False,,,,True,0,0,0,0,0,0,,,-1,0,0,0,0,0,0,0,0,0,0,0,0,0,0,,,,,412,,,
412,"REYCORE, C.A",,True,0,0,0,0,0,0,,,0,0,False,False,False,,,,True,0,0,0,0,0,0,,,-1,0,0,0,0,0,0,0,0,0,0,0,0,0,0,,,,,413,,,
413,RICHAR E. MATOS BOSCAN,,True,0,0,0,0,0,0,,,0,0,False,False,False,,,,True,0,0,0,0,0,0,,,-1,0,0,0,0,0,0,0,0,0,0,0,0,0,0,,,,,414,,,
414,RINA MARIA NUÑEZ CARRUYO,,True,0,0,0,0,0,0,,,0,0,False,False,False,,,,True,0,0,0,0,0,0,,,-1,0,0,0,0,0,0,0,0,0,0,0,0,0,0,,,,,415,,,
415,RIXIO URDANETA,,True,0,0,0,0,0,0,,,0,0,False,False,False,,,,True,0,0,0,0,0,0,,,-1,0,0,0,0,0,0,0,0,0,0,0,0,0,0,,,,,416,,,
416,ROFEINCA,,True,0,0,0,0,0,0,,,0,0,False,False,False,,,,True,0,0,0,0,0,0,,,-1,0,0,0,0,0,0,0,0,0,0,0,0,0,0,,,,,417,,,
417,ROLANDY JOSE HERNANDEZ PEREZ,,True,0,0,0,0,0,0,,,0,0,False,False,False,,,,True,0,0,0,0,0,0,,,-1,0,0,0,0,0,0,0,0,0,0,0,0,0,0,,,,,418,,,
418,RONANGEL R. ESCALANTE R.,,True,0,0,0,0,0,0,,,0,0,False,False,False,,,,True,0,0,0,0,0,0,,,-1,0,0,0,0,0,0,0,0,0,0,0,0,0,0,,,,,419,,,
419,RONNYS LUIS URDANETA RAMOS,,True,0,0,0,0,0,0,,,0,0,False,False,False,,,,True,0,0,0,0,0,0,,,-1,0,0,0,0,0,0,0,0,0,0,0,0,0,0,,,,,420,,,
42,"AUTO REPUESTOS LA BOLIVARIANA, C.A.",,True,0,0,0,0,0,0,,,0,0,False,False,False,,,,True,0,0,0,0,0,0,,,-1,0,0,0,0,0,0,0,0,0,0,0,0,0,0,,,,,43,,,
420,ROSMARY DEL VALLE MELENDEZ OALNO,,True,0,0,0,0,0,0,,,0,0,False,False,False,,,,True,0,0,0,0,0,0,,,-1,0,0,0,0,0,0,0,0,0,0,0,0,0,0,,,,,421,,,
421,"RS AUTOPARTS 2021, C.A",,True,0,0,0,0,0,0,,,0,0,False,False,False,,,,True,0,0,0,0,0,0,,,-1,0,0,0,0,0,0,0,0,0,0,0,0,0,0,,,,,422,,,
422,"RS AUTOPARTS BARQUISIMETO, C.A.",,True,0,0,0,0,0,0,,,0,0,False,False,False,,,,True,0,0,0,0,0,0,,,-1,0,0,0,0,0,0,0,0,0,0,0,0,0,0,,,,,423,,,
423,"RUBBER, C.A. MARACAIBO",,True,0,0,0,0,0,0,,,0,0,False,False,False,,,,True,0,0,0,0,0,0,,,-1,0,0,0,0,0,0,0,0,0,0,0,0,0,0,,,,,424,,,
424,"RUEDAS Y SELLOS, C.A.",,True,0,0,0,0,0,0,,,0,0,False,False,False,,,,True,0,0,0,0,0,0,,,-1,0,0,0,0,0,0,0,0,0,0,0,0,0,0,,,,,425,,,
425,"RUMEDICAL, C.A.",,True,0,0,0,0,0,0,,,0,0,False,False,False,,,,True,0,0,0,0,0,0,,,-1,0,0,0,0,0,0,0,0,0,0,0,0,0,0,,,,,426,,,
426,"RV DISTRIBUCION, C.A.",,True,0,0,0,0,0,0,,,0,0,False,False,False,,,,True,0,0,0,0,0,0,,,-1,0,0,0,0,0,0,0,0,0,0,0,0,0,0,,,,,427,,,
427,"RV TRACTOR, C.A.",,True,0,0,0,0,0,0,,,0,0,False,False,False,,,,True,0,0,0,0,0,0,,,-1,0,0,0,0,0,0,0,0,0,0,0,0,0,0,,,,,428,,,
428,"S.B.G. SUPPLY PARTES, C.A.",,True,0,0,0,0,0,0,,,0,0,False,False,False,,,,True,0,0,0,0,0,0,,,-1,0,0,0,0,0,0,0,0,0,0,0,0,0,0,,,,,429,,,
429,"SAKA AUTO PARTS, C.A.",,True,0,0,0,0,0,0,,,0,0,False,False,False,,,,True,0,0,0,0,0,0,,,-1,0,0,0,0,0,0,0,0,0,0,0,0,0,0,,,,,430,,,
43,"AUTO REPUESTOS LAS 3 A, C.A.",,True,0,0,0,0,0,0,,,0,0,False,False,False,,,,True,0,0,0,0,0,0,,,-1,0,0,0,0,0,0,0,0,0,0,0,0,0,0,,,,,44,,,
430,SELTECA,,True,0,0,0,0,0,0,,,0,0,False,False,False,,,,True,0,0,0,0,0,0,,,-1,0,0,0,0,0,0,0,0,0,0,0,0,0,0,,,,,431,,,
431,"SEMPRUN Y GONZALEZ IMPORT, C.A.",,True,0,0,0,0,0,0,,,0,0,False,False,False,,,,True,0,0,0,0,0,0,,,-1,0,0,0,0,0,0,0,0,0,0,0,0,0,0,,,,,432,,,
432,"SENDAI IMPORT, C.A",,True,0,0,0,0,0,0,,,0,0,False,False,False,,,,True,0,0,0,0,0,0,,,-1,0,0,0,0,0,0,0,0,0,0,0,0,0,0,,,,,433,,,
433,SERMACH C.A,,True,0,0,0,0,0,0,,,0,0,False,False,False,,,,True,0,0,0,0,0,0,,,-1,0,0,0,0,0,0,0,0,0,0,0,0,0,0,,,,,434,,,
434,"SERVICIOS Y SUMINISTROS J & B 2504, C.A.",,True,0,0,0,0,0,0,,,0,0,False,False,False,,,,True,0,0,0,0,0,0,,,-1,0,0,0,0,0,0,0,0,0,0,0,0,0,0,,,,,435,,,
435,"SG AUTOMOVILES 1509, C.A",,True,0,0,0,0,0,0,,,0,0,False,False,False,,,,True,0,0,0,0,0,0,,,-1,0,0,0,0,0,0,0,0,0,0,0,0,0,0,,,,,436,,,
436,SIACONCA,,True,0,0,0,0,0,0,,,0,0,False,False,False,,,,True,0,0,0,0,0,0,,,-1,0,0,0,0,0,0,0,0,0,0,0,0,0,0,,,,,437,,,
437,"SOLUTECH, C.A.",,True,0,0,0,0,0,0,,,0,0,False,False,False,,,,True,0,0,0,0,0,0,,,-1,0,0,0,0,0,0,0,0,0,0,0,0,0,0,,,,,438,,,
438,SOTO C. OSCAR A. SERVICIOS Y SUMINISTROS,,True,0,0,0,0,0,0,,,0,0,False,False,False,,,,True,0,0,0,0,0,0,,,-1,0,0,0,0,0,0,0,0,0,0,0,0,0,0,,,,,439,,,
439,"SPARE PARTS 2011, C.A.",,True,0,0,0,0,0,0,,,0,0,False,False,False,,,,True,0,0,0,0,0,0,,,-1,0,0,0,0,0,0,0,0,0,0,0,0,0,0,,,,,440,,,
44,"AUTO REPUESTOS LEONYCAR'S 2000, C.A.",,True,0,0,0,0,0,0,,,0,0,False,False,False,,,,True,0,0,0,0,0,0,,,-1,0,0,0,0,0,0,0,0,0,0,0,0,0,0,,,,,45,,,
440,STARITA C.A,,True,0,0,0,0,0,0,,,0,0,False,False,False,,,,True,0,0,0,0,0,0,,,-1,0,0,0,0,0,0,0,0,0,0,0,0,0,0,,,,,441,,,
441,"SUMINISTROS CHF, C.A.",,True,0,0,0,0,0,0,,,0,0,False,False,False,,,,True,0,0,0,0,0,0,,,-1,0,0,0,0,0,0,0,0,0,0,0,0,0,0,,,,,442,,,
442,"SUMINISTROS ESPECIALES 2013, C.A.",,True,0,0,0,0,0,0,,,0,0,False,False,False,,,,True,0,0,0,0,0,0,,,-1,0,0,0,0,0,0,0,0,0,0,0,0,0,0,,,,,443,,,
443,"SUMINISTROS Y SERVICIOS VENEZUELA, C.A",,True,0,0,0,0,0,0,,,0,0,False,False,False,,,,True,0,0,0,0,0,0,,,-1,0,0,0,0,0,0,0,0,0,0,0,0,0,0,,,,,444,,,
444,"SUMO PART, C.A",,True,0,0,0,0,0,0,,,0,0,False,False,False,,,,True,0,0,0,0,0,0,,,-1,0,0,0,0,0,0,0,0,0,0,0,0,0,0,,,,,445,,,
445,"SUPER AUTO CECILIO ACOSTA, C.A",,True,0,0,0,0,0,0,,,0,0,False,False,False,,,,True,0,0,0,0,0,0,,,-1,0,0,0,0,0,0,0,0,0,0,0,0,0,0,,,,,446,,,
446,"SUPER AUTO DELICIAS, C.A",,True,0,0,0,0,0,0,,,0,0,False,False,False,,,,True,0,0,0,0,0,0,,,-1,0,0,0,0,0,0,0,0,0,0,0,0,0,0,,,,,447,,,
447,SURAMERICANA DE PARTES S/C F.P.,,True,0,0,0,0,0,0,,,0,0,False,False,False,,,,True,0,0,0,0,0,0,,,-1,0,0,0,0,0,0,0,0,0,0,0,0,0,0,,,,,448,,,
448,"SURAUTO, C.A.",,True,0,0,0,0,0,0,,,0,0,False,False,False,,,,True,0,0,0,0,0,0,,,-1,0,0,0,0,0,0,0,0,0,0,0,0,0,0,,,,,449,,,
449,"SUR KOREA PARTS, C.A",,True,0,0,0,0,0,0,,,0,0,False,False,False,,,,True,0,0,0,0,0,0,,,-1,0,0,0,0,0,0,0,0,0,0,0,0,0,0,,,,,450,,,
45,"AUTO REPUESTOS MJV, C.A",,True,0,0,0,0,0,0,,,0,0,False,False,False,,,,True,0,0,0,0,0,0,,,-1,0,0,0,0,0,0,0,0,0,0,0,0,0,0,,,,,46,,,
450,"SUSPENPARTS, C.A.",,True,0,0,0,0,0,0,,,0,0,False,False,False,,,,True,0,0,0,0,0,0,,,-1,0,0,0,0,0,0,0,0,0,0,0,0,0,0,,,,,451,,,
451,SUSPENSIONES ASIATICAS C.A,,True,0,0,0,0,0,0,,,0,0,False,False,False,,,,True,0,0,0,0,0,0,,,-1,0,0,0,0,0,0,0,0,0,0,0,0,0,0,,,,,452,,,
452,"SUSPENSIONES Y PARTES S.P., C.A.",,True,0,0,0,0,0,0,,,0,0,False,False,False,,,,True,0,0,0,0,0,0,,,-1,0,0,0,0,0,0,0,0,0,0,0,0,0,0,,,,,453,,,
453,"TB INTERNACIONAL, C.A.",,True,0,0,0,0,0,0,,,0,0,False,False,False,,,,True,0,0,0,0,0,0,,,-1,0,0,0,0,0,0,0,0,0,0,0,0,0,0,,,,,454,,,
454,"TECNO PARTES PF, C.A.",,True,0,0,0,0,0,0,,,0,0,False,False,False,,,,True,0,0,0,0,0,0,,,-1,0,0,0,0,0,0,0,0,0,0,0,0,0,0,,,,,455,,,
455,TECNOMASTER C.A,,True,0,0,0,0,0,0,,,0,0,False,False,False,,,,True,0,0,0,0,0,0,,,-1,0,0,0,0,0,0,0,0,0,0,0,0,0,0,,,,,456,,,
456,"TH INTERNATIONAL GROUP, C.A.",,True,0,0,0,0,0,0,,,0,0,False,False,False,,,,True,0,0,0,0,0,0,,,-1,0,0,0,0,0,0,0,0,0,0,0,0,0,0,,,,,457,,,
457,TITO JAVIER HUERTA HERNANDEZ,,True,0,0,0,0,0,0,,,0,0,False,False,False,,,,True,0,0,0,0,0,0,,,-1,0,0,0,0,0,0,0,0,0,0,0,0,0,0,,,,,458,,,
458,TOKIO PARTS C.A,,True,0,0,0,0,0,0,,,0,0,False,False,False,,,,True,0,0,0,0,0,0,,,-1,0,0,0,0,0,0,0,0,0,0,0,0,0,0,,,,,459,,,
459,"TOTAL FRESH JL 2010, C.A.",,True,0,0,0,0,0,0,,,0,0,False,False,False,,,,True,0,0,0,0,0,0,,,-1,0,0,0,0,0,0,0,0,0,0,0,0,0,0,,,,,460,,,
46,"AUTO REPUESTOS MUNDIAL, C.A.",,True,0,0,0,0,0,0,,,0,0,False,False,False,,,,True,0,0,0,0,0,0,,,-1,0,0,0,0,0,0,0,0,0,0,0,0,0,0,,,,,47,,,
460,"TOTAL REPUESTOS LMGV 2015, C.A.",,True,0,0,0,0,0,0,,,0,0,False,False,False,,,,True,0,0,0,0,0,0,,,-1,0,0,0,0,0,0,0,0,0,0,0,0,0,0,,,,,461,,,
461,"TOYO LEASING, C.A.",,True,0,0,0,0,0,0,,,0,0,False,False,False,,,,True,0,0,0,0,0,0,,,-1,0,0,0,0,0,0,0,0,0,0,0,0,0,0,,,,,462,,,
462,TOYO SIGNO C.A,,True,0,0,0,0,0,0,,,0,0,False,False,False,,,,True,0,0,0,0,0,0,,,-1,0,0,0,0,0,0,0,0,0,0,0,0,0,0,,,,,463,,,
463,"TOYOYAMPRIEROS, C.A",,True,0,0,0,0,0,0,,,0,0,False,False,False,,,,True,0,0,0,0,0,0,,,-1,0,0,0,0,0,0,0,0,0,0,0,0,0,0,,,,,464,,,
464,"TPG, C.A.",,True,0,0,0,0,0,0,,,0,0,False,False,False,,,,True,0,0,0,0,0,0,,,-1,0,0,0,0,0,0,0,0,0,0,0,0,0,0,,,,,465,,,
465,TRANS Y SERVICIOS ESPECIALES LA BARQUISI,,True,0,0,0,0,0,0,,,0,0,False,False,False,,,,True,0,0,0,0,0,0,,,-1,0,0,0,0,0,0,0,0,0,0,0,0,0,0,,,,,466,,,
466,"TRANSPORTE Y SERVICIOS GABRIEL, C.A.",,True,0,0,0,0,0,0,,,0,0,False,False,False,,,,True,0,0,0,0,0,0,,,-1,0,0,0,0,0,0,0,0,0,0,0,0,0,0,,,,,467,,,
467,"TRIPOIDES Y AMORTIGUADORES, C.A.",,True,0,0,0,0,0,0,,,0,0,False,False,False,,,,True,0,0,0,0,0,0,,,-1,0,0,0,0,0,0,0,0,0,0,0,0,0,0,,,,,468,,,
468,TRITRENCA,,True,0,0,0,0,0,0,,,0,0,False,False,False,,,,True,0,0,0,0,0,0,,,-1,0,0,0,0,0,0,0,0,0,0,0,0,0,0,,,,,469,,,
469,TROCOLI IMPORT F.P,,True,0,0,0,0,0,0,,,0,0,False,False,False,,,,True,0,0,0,0,0,0,,,-1,0,0,0,0,0,0,0,0,0,0,0,0,0,0,,,,,470,,,
47,"AUTO REPUESTOS OROCHENA, C.A.",,True,0,0,0,0,0,0,,,0,0,False,False,False,,,,True,0,0,0,0,0,0,,,-1,0,0,0,0,0,0,0,0,0,0,0,0,0,0,,,,,48,,,
470,"TU REPUESTO AUTOMOTRIZ.COM, C.A.",,True,0,0,0,0,0,0,,,0,0,False,False,False,,,,True,0,0,0,0,0,0,,,-1,0,0,0,0,0,0,0,0,0,0,0,0,0,0,,,,,471,,,
471,"TUMARCA REPUESTOS, C.A.",,True,0,0,0,0,0,0,,,0,0,False,False,False,,,,True,0,0,0,0,0,0,,,-1,0,0,0,0,0,0,0,0,0,0,0,0,0,0,,,,,472,,,
472,TUTTORUEDA C.A,,True,0,0,0,0,0,0,,,0,0,False,False,False,,,,True,0,0,0,0,0,0,,,-1,0,0,0,0,0,0,0,0,0,0,0,0,0,0,,,,,473,,,
473,"ULTRAFLUIDS CORP, S.A",,True,0,0,0,0,0,0,,,0,0,False,False,False,,,,True,0,0,0,0,0,0,,,-1,0,0,0,0,0,0,0,0,0,0,0,0,0,0,,,,,474,,,
474,"VALCAB 33, C.A.",,True,0,0,0,0,0,0,,,0,0,False,False,False,,,,True,0,0,0,0,0,0,,,-1,0,0,0,0,0,0,0,0,0,0,0,0,0,0,,,,,475,,,
475,"VARITY FRENOS, C.A.",,True,0,0,0,0,0,0,,,0,0,False,False,False,,,,True,0,0,0,0,0,0,,,-1,0,0,0,0,0,0,0,0,0,0,0,0,0,0,,,,,476,,,
476,"VEN-AMERICAN, C.A.",,True,0,0,0,0,0,0,,,0,0,False,False,False,,,,True,0,0,0,0,0,0,,,-1,0,0,0,0,0,0,0,0,0,0,0,0,0,0,,,,,477,,,
477,"VENCARS IMPORT, C.A.",,True,0,0,0,0,0,0,,,0,0,False,False,False,,,,True,0,0,0,0,0,0,,,-1,0,0,0,0,0,0,0,0,0,0,0,0,0,0,,,,,478,,,
478,"VENEASIATICOS, C.A.",,True,0,0,0,0,0,0,,,0,0,False,False,False,,,,True,0,0,0,0,0,0,,,-1,0,0,0,0,0,0,0,0,0,0,0,0,0,0,,,,,479,,,
479,"VENEFEM, C.A.",,True,0,0,0,0,0,0,,,0,0,False,False,False,,,,True,0,0,0,0,0,0,,,-1,0,0,0,0,0,0,0,0,0,0,0,0,0,0,,,,,480,,,
48,"AUTO REPUESTOS TURBO POWER, C.A.",,True,0,0,0,0,0,0,,,0,0,False,False,False,,,,True,0,0,0,0,0,0,,,-1,0,0,0,0,0,0,0,0,0,0,0,0,0,0,,,,,49,,,
480,VENEZOLANA DE IMPORTACIONES Y SUMINISTRO,,True,0,0,0,0,0,0,,,0,0,False,False,False,,,,True,0,0,0,0,0,0,,,-1,0,0,0,0,0,0,0,0,0,0,0,0,0,0,,,,,481,,,
481,"VILLAJAPON MOTORS, C.A.",,True,0,0,0,0,0,0,,,0,0,False,False,False,,,,True,0,0,0,0,0,0,,,-1,0,0,0,0,0,0,0,0,0,0,0,0,0,0,,,,,482,,,
482,"VM PARTS, C.A.",,True,0,0,0,0,0,0,,,0,0,False,False,False,,,,True,0,0,0,0,0,0,,,-1,0,0,0,0,0,0,0,0,0,0,0,0,0,0,,,,,483,,,
483,"WIN AUTOPARTS, C.A.",,True,0,0,0,0,0,0,,,0,0,False,False,False,,,,True,0,0,0,0,0,0,,,-1,0,0,0,0,0,0,0,0,0,0,0,0,0,0,,,,,484,,,
484,"WM INVERSIONES, C.A.",,True,0,0,0,0,0,0,,,0,0,False,False,False,,,,True,0,0,0,0,0,0,,,-1,0,0,0,0,0,0,0,0,0,0,0,0,0,0,,,,,485,,,
485,"YILUS, C.A.",,True,0,0,0,0,0,0,,,0,0,False,False,False,,,,True,0,0,0,0,0,0,,,-1,0,0,0,0,0,0,0,0,0,0,0,0,0,0,,,,,486,,,
486,"YOKATA IMPORT, C.A.",,True,0,0,0,0,0,0,,,0,0,False,False,False,,,,True,0,0,0,0,0,0,,,-1,0,0,0,0,0,0,0,0,0,0,0,0,0,0,,,,,487,,,
487,ZAMIR DESMOND ALFONSO BOODOO MENESES,,True,0,0,0,0,0,0,,,0,0,False,False,False,,,,True,0,0,0,0,0,0,,,-1,0,0,0,0,0,0,0,0,0,0,0,0,0,0,,,,,488,,,
488,ZELENE LUCIA ZAMBRANO RODRIGUEZ,,True,0,0,0,0,0,0,,,0,0,False,False,False,,,,True,0,0,0,0,0,0,,,-1,0,0,0,0,0,0,0,0,0,0,0,0,0,0,,,,,489,,,
489,"ZITROCA, C.A.",,True,0,0,0,0,0,0,,,0,0,False,False,False,,,,True,0,0,0,0,0,0,,,-1,0,0,0,0,0,0,0,0,0,0,0,0,0,0,,,,,490,,,
49,"AUTO SPA A & D, C.A",,True,0,0,0,0,0,0,,,0,0,False,False,False,,,,True,0,0,0,0,0,0,,,-1,0,0,0,0,0,0,0,0,0,0,0,0,0,0,,,,,50,,,
490,"ZU LUBRICANTE, C.A.",,True,0,0,0,0,0,0,,,0,0,False,False,False,,,,True,0,0,0,0,0,0,,,-1,0,0,0,0,0,0,0,0,0,0,0,0,0,0,,,,,491,,,
491,"ZULIANA DEL RESORTE, C.A.",,True,0,0,0,0,0,0,,,0,0,False,False,False,,,,True,0,0,0,0,0,0,,,-1,0,0,0,0,0,0,0,0,0,0,0,0,0,0,,,,,492,,,
492,"SUPPLY CORREAS B & M, C.A.",,True,0,0,0,0,0,0,,,0,0,False,False,False,,,,True,0,0,0,0,0,0,,,-1,0,0,0,0,0,0,0,0,0,0,0,0,0,0,,,,,493,,,
493,LUBRICAUCHOS LO MAXIMO,,True,0,0,0,0,0,0,,,0,0,False,False,False,,,,True,0,0,0,0,0,0,,,-1,0,0,0,0,0,0,0,0,0,0,0,0,0,0,,,,,494,,,
494,"LAUT IMPORT, CA",,True,0,0,0,0,0,0,,,0,0,False,False,False,,,,True,0,0,0,0,0,0,,,-1,0,0,0,0,0,0,0,0,0,0,0,0,0,0,,,,,495,,,
495,"ARYA AUTO PARTS, C.A.",,True,0,0,0,0,0,0,,,0,0,False,False,False,,,,True,0,0,0,0,0,0,,,-1,0,0,0,0,0,0,0,0,0,0,0,0,0,0,,,,,496,,,
496,"DISTRIBUIDORA JABO, C.A",,True,0,0,0,0,0,0,,,0,0,False,False,False,,,,True,0,0,0,0,0,0,,,-1,0,0,0,0,0,0,0,0,0,0,0,0,0,0,,,,,497,,,
497,"VENEPAC 2020, C.A.",,True,0,0,0,0,0,0,,,0,0,False,False,False,,,,True,0,0,0,0,0,0,,,-1,0,0,0,0,0,0,0,0,0,0,0,0,0,0,,,,,498,,,
498,"CORPORACION VENEASIA, C.A",,True,0,0,0,0,0,0,,,0,0,False,False,False,,,,True,0,0,0,0,0,0,,,-1,0,0,0,0,0,0,0,0,0,0,0,0,0,0,,,,,499,,,
499,INVERSIONES MJ CA,,True,0,0,0,0,0,0,,,0,0,False,False,False,,,,True,0,0,0,0,0,0,,,-1,0,0,0,0,0,0,0,0,0,0,0,0,0,0,,,,,500,,,
5,"ACRILICOS BICOLOR, S.A",,True,0,0,0,0,0,0,,,0,0,False,False,False,,,,True,0,0,0,0,0,0,,,-1,0,0,0,0,0,0,0,0,0,0,0,0,0,0,,,,,6,,,
50,"AUTOCORP, C.A.",,True,0,0,0,0,0,0,,,0,0,False,False,False,,,,True,0,0,0,0,0,0,,,-1,0,0,0,0,0,0,0,0,0,0,0,0,0,0,,,,,51,,,
500,CORPORACION FERREDEL CA,,True,0,0,0,0,0,0,,,0,0,False,False,False,,,,True,0,0,0,0,0,0,,,-1,0,0,0,0,0,0,0,0,0,0,0,0,0,0,,,,,501,,,
501,"GRUPO KOREANO, C.A.",,True,0,0,0,0,0,0,,,0,0,False,False,False,,,,True,0,0,0,0,0,0,,,-1,0,0,0,0,0,0,0,0,0,0,0,0,0,0,,,,,502,,,
502,BENITOMO WORLD (PANAMA),,True,0,0,0,0,0,0,,,0,0,False,False,False,,,,True,0,0,0,0,0,0,,,-1,0,0,0,0,0,0,0,0,0,0,0,0,0,0,,,,,503,,,
503,STAR AUTO (PANAMA),,True,0,0,0,0,0,0,,,0,0,False,False,False,,,,True,0,0,0,0,0,0,,,-1,0,0,0,0,0,0,0,0,0,0,0,0,0,0,,,,,504,,,
504,PERFECT (PANAMA),,True,0,0,0,0,0,0,,,0,0,False,False,False,,,,True,0,0,0,0,0,0,,,-1,0,0,0,0,0,0,0,0,0,0,0,0,0,0,,,,,505,,,
505,COMERCIALIZADORA DE PARTES AUTOMOTRIZ ME,,True,0,0,0,0,0,0,,,0,0,False,False,False,,,,True,0,0,0,0,0,0,,,-1,0,0,0,0,0,0,0,0,0,0,0,0,0,0,,,,,506,,,
506,"SUPLIDORA INDUSTRIAL AP, C.A.",,True,0,0,0,0,0,0,,,0,0,False,False,False,,,,True,0,0,0,0,0,0,,,-1,0,0,0,0,0,0,0,0,0,0,0,0,0,0,,,,,507,,,
507,IMPORTADORA REPUESTOS MUNDIALES (PANAMA),,True,0,0,0,0,0,0,,,0,0,False,False,False,,,,True,0,0,0,0,0,0,,,-1,0,0,0,0,0,0,0,0,0,0,0,0,0,0,,,,,508,,,
508,"BATERIAS LA MUNDIAL, C.A.",,True,0,0,0,0,0,0,,,0,0,False,False,False,,,,True,0,0,0,0,0,0,,,-1,0,0,0,0,0,0,0,0,0,0,0,0,0,0,,,,,509,,,
509,IMPORTADORA UZIEL,,True,0,0,0,0,0,0,,,0,0,False,False,False,,,,True,0,0,0,0,0,0,,,-1,0,0,0,0,0,0,0,0,0,0,0,0,0,0,,,,,510,,,
51,"AUTOIMPORT DE VENEZUELA, C.A",,True,0,0,0,0,0,0,,,0,0,False,False,False,,,,True,0,0,0,0,0,0,,,-1,0,0,0,0,0,0,0,0,0,0,0,0,0,0,,,,,52,,,
510,REPRESENTACIONES ASIATICOS L&D,,True,0,0,0,0,0,0,,,0,0,False,False,False,,,,True,0,0,0,0,0,0,,,-1,0,0,0,0,0,0,0,0,0,0,0,0,0,0,,,,,511,,,
511,BZ CARS,,True,0,0,0,0,0,0,,,0,0,False,False,False,,,,True,0,0,0,0,0,0,,,-1,0,0,0,0,0,0,0,0,0,0,0,0,0,0,,,,,512,,,
512,REPUESTOS ASIATICOS LD,,True,0,0,0,0,0,0,,,0,0,False,False,False,,,,True,0,0,0,0,0,0,,,-1,0,0,0,0,0,0,0,0,0,0,0,0,0,0,,,,,513,,,
513,"LEON IMPORT, S.A (PANAMA)",,True,0,0,0,0,0,0,,,0,0,False,False,False,,,,True,0,0,0,0,0,0,,,-1,0,0,0,0,0,0,0,0,0,0,0,0,0,0,,,,,514,,,
514,JAPAN INTERNATIONAL PARTS (PANAMA),,True,0,0,0,0,0,0,,,0,0,False,False,False,,,,True,0,0,0,0,0,0,,,-1,0,0,0,0,0,0,0,0,0,0,0,0,0,0,,,,,515,,,
515,"FERREDEL INVERSIONES, C.A.",,True,0,0,0,0,0,0,,,0,0,False,False,False,,,,True,0,0,0,0,0,0,,,-1,0,0,0,0,0,0,0,0,0,0,0,0,0,0,,,,,516,,,
516,"NIKOMOTO, S.A (PANAMA)",,True,0,0,0,0,0,0,,,0,0,False,False,False,,,,True,0,0,0,0,0,0,,,-1,0,0,0,0,0,0,0,0,0,0,0,0,0,0,,,,,517,,,
517,ANCARS GUANGZHOU AUTO PARTS CO,,True,0,0,0,0,0,0,,,0,0,False,False,False,,,,True,0,0,0,0,0,0,,,-1,0,0,0,0,0,0,0,0,0,0,0,0,0,0,,,,,518,,,
518,TEXAS AUTOPARTS,,True,0,0,0,0,0,0,,,0,0,False,False,False,,,,True,0,0,0,0,0,0,,,-1,0,0,0,0,0,0,0,0,0,0,0,0,0,0,,,,,519,,,
519,"INVERSIONES VAILKA, C.A.",,True,0,0,0,0,0,0,,,0,0,False,False,False,,,,True,0,0,0,0,0,0,,,-1,0,0,0,0,0,0,0,0,0,0,0,0,0,0,,,,,520,,,
52,AUTOMOBILE PARTS IMPORT C.A,,True,0,0,0,0,0,0,,,0,0,False,False,False,,,,True,0,0,0,0,0,0,,,-1,0,0,0,0,0,0,0,0,0,0,0,0,0,0,,,,,53,,,
520,"TUMARCA REPUESTOS, C.A.",,True,0,0,0,0,0,0,,,0,0,False,False,False,,,,True,0,0,0,0,0,0,,,-1,0,0,0,0,0,0,0,0,0,0,0,0,0,0,,,,,521,,,
521,COMPLETE AUTOPARTS (PANAMA),,True,0,0,0,0,0,0,,,0,0,False,False,False,,,,True,0,0,0,0,0,0,,,-1,0,0,0,0,0,0,0,0,0,0,0,0,0,0,,,,,522,,,
522,"COMERCIALIZADORA ECH, C.A.",,True,0,0,0,0,0,0,,,0,0,False,False,False,,,,True,0,0,0,0,0,0,,,-1,0,0,0,0,0,0,0,0,0,0,0,0,0,0,,,,,523,,,
523,"REPUESTOS ITALVEN 90, C.A.",,True,0,0,0,0,0,0,,,0,0,False,False,False,,,,True,0,0,0,0,0,0,,,-1,0,0,0,0,0,0,0,0,0,0,0,0,0,0,,,,,524,,,
525,GUANGZHOU XIN SANDE AUTO PARTS,,True,0,0,0,0,0,0,,,0,0,False,False,False,,,,True,0,0,0,0,0,0,,,-1,0,0,0,0,0,0,0,0,0,0,0,0,0,0,,,,,525,,,
526,"WENZHOU BIZOE TRADE CO, LTD",,True,0,0,0,0,0,0,,,0,0,False,False,False,,,,True,0,0,0,0,0,0,,,-1,0,0,0,0,0,0,0,0,0,0,0,0,0,0,,,,,526,,,
527,KOWZE AUTO PARTS LIMITED,,True,0,0,0,0,0,0,,,0,0,False,False,False,,,,True,0,0,0,0,0,0,,,-1,0,0,0,0,0,0,0,0,0,0,0,0,0,0,,,,,527,,,
528,"REPRESENTACIONES DM IMPORT, C.A",,True,0,0,0,0,0,0,,,0,0,False,False,False,,,,True,0,0,0,0,0,0,,,-1,0,0,0,0,0,0,0,0,0,0,0,0,0,0,,,,,529,,,
529,"HAFARLUS, C.A",,True,0,0,0,0,0,0,,,0,0,False,False,False,,,,True,0,0,0,0,0,0,,,-1,0,0,0,0,0,0,0,0,0,0,0,0,0,0,,,,,530,,,
53,"AUTOMOBILE, C.A.",,True,0,0,0,0,0,0,,,0,0,False,False,False,,,,True,0,0,0,0,0,0,,,-1,0,0,0,0,0,0,0,0,0,0,0,0,0,0,,,,,54,,,
530,"AUTOPARTS ASIA PANAMA, C.A",,True,0,0,0,0,0,0,,,0,0,False,False,False,,,,True,0,0,0,0,0,0,,,-1,0,0,0,0,0,0,0,0,0,0,0,0,0,0,,,,,531,,,
531,"COMERCIAL LUE LUNA, S.A.",,True,0,0,0,0,0,0,,,0,0,False,False,False,,,,True,0,0,0,0,0,0,,,-1,0,0,0,0,0,0,0,0,0,0,0,0,0,0,,,,,532,,,
532,"CATARI MULTISERVICIOS SUAREZ, F.A",,True,0,0,0,0,0,0,,,0,0,False,False,False,,,,True,0,0,0,0,0,0,,,-1,0,0,0,0,0,0,0,0,0,0,0,0,0,0,,,,,533,,,
533,"REPUESTOS TIBISAY, C.A",,True,0,0,0,0,0,0,,,0,0,False,False,False,,,,True,0,0,0,0,0,0,,,-1,0,0,0,0,0,0,0,0,0,0,0,0,0,0,,,,,534,,,
534,AUTO REPUESTOS CARS PARTS,,True,0,0,0,0,0,0,,,0,0,False,False,False,,,,True,0,0,0,0,0,0,,,-1,0,0,0,0,0,0,0,0,0,0,0,0,0,0,,,,,535,,,
535,RUSHMORE VENEZUELA,,True,0,0,0,0,0,0,,,0,0,False,False,False,,,,True,0,0,0,0,0,0,,,-1,0,0,0,0,0,0,0,0,0,0,0,0,0,0,,,,,536,,,
536,RCR,,True,0,0,0,0,0,0,,,0,0,False,False,False,,,,True,0,0,0,0,0,0,,,-1,0,0,0,0,0,0,0,0,0,0,0,0,0,0,,,,,537,,,
537,PINGYANG TAILIN AUTO PARTS CO LT,,True,0,0,0,0,0,0,,,0,0,False,False,False,,,,True,0,0,0,0,0,0,,,-1,0,0,0,0,0,0,0,0,0,0,0,0,0,0,,,,,538,,,
538,XIANGHE,,True,0,0,0,0,0,0,,,0,0,False,False,False,,,,True,0,0,0,0,0,0,,,-1,0,0,0,0,0,0,0,0,0,0,0,0,0,0,,,,,539,,,
539,MAYOR OCAN,,True,0,0,0,0,0,0,,,0,0,False,False,False,,,,True,0,0,0,0,0,0,,,-1,0,0,0,0,0,0,0,0,0,0,0,0,0,0,,,,,540,,,
54,"AUTOPARTES & ACCESORIOS JJ, C.A.",,True,0,0,0,0,0,0,,,0,0,False,False,False,,,,True,0,0,0,0,0,0,,,-1,0,0,0,0,0,0,0,0,0,0,0,0,0,0,,,,,55,,,
540,"DM IMPORT, C.A.",,True,0,0,0,0,0,0,,,0,0,False,False,False,,,,True,0,0,0,0,0,0,,,-1,0,0,0,0,0,0,0,0,0,0,0,0,0,0,,,,,541,,,
541,REPUESTOS Y PARTES JD,,True,0,0,0,0,0,0,,,0,0,False,False,False,,,,True,0,0,0,0,0,0,,,-1,0,0,0,0,0,0,0,0,0,0,0,0,0,0,,,,,542,,,
542,C Y M GOMAS,,True,0,0,0,0,0,0,,,0,0,False,False,False,,,,True,0,0,0,0,0,0,,,-1,0,0,0,0,0,0,0,0,0,0,0,0,0,0,,,,,543,,,
543,AMZ PARTES,,True,0,0,0,0,0,0,,,0,0,False,False,False,,,,True,0,0,0,0,0,0,,,-1,0,0,0,0,0,0,0,0,0,0,0,0,0,0,,,,,544,,,
544,"INVERSIONES E IMPORTACIONES JS 2020, C.A",,True,0,0,0,0,0,0,,,0,0,False,False,False,,,,True,0,0,0,0,0,0,,,-1,0,0,0,0,0,0,0,0,0,0,0,0,0,0,,,,,545,,,
545,"INVERSIONES E IMPORTACIONES JS 2020, C.A",,True,0,0,0,0,0,0,,,0,0,False,False,False,,,,True,0,0,0,0,0,0,,,-1,0,0,0,0,0,0,0,0,0,0,0,0,0,0,,,,,546,,,
546,"WM PALMETTO IMPORT,C.A",,True,0,0,0,0,0,0,,,0,0,False,False,False,,,,True,0,0,0,0,0,0,,,-1,0,0,0,0,0,0,0,0,0,0,0,0,0,0,,,,,547,,,
547,GRUPO FEDERAL,,True,0,0,0,0,0,0,,,0,0,False,False,False,,,,True,0,0,0,0,0,0,,,-1,0,0,0,0,0,0,0,0,0,0,0,0,0,0,,,,,548,,,
55,AUTOPARTES 2006 C.A.,,True,0,0,0,0,0,0,,,0,0,False,False,False,,,,True,0,0,0,0,0,0,,,-1,0,0,0,0,0,0,0,0,0,0,0,0,0,0,,,,,56,,,
56,"AUTOPARTES DIRECT II, C.A.",,True,0,0,0,0,0,0,,,0,0,False,False,False,,,,True,0,0,0,0,0,0,,,-1,0,0,0,0,0,0,0,0,0,0,0,0,0,0,,,,,57,,,
57,"AUTOPARTES ISA, C.A.",,True,0,0,0,0,0,0,,,0,0,False,False,False,,,,True,0,0,0,0,0,0,,,-1,0,0,0,0,0,0,0,0,0,0,0,0,0,0,,,,,58,,,
58,"AUTOPARTES MERCOSUR, C.A",,True,0,0,0,0,0,0,,,0,0,False,False,False,,,,True,0,0,0,0,0,0,,,-1,0,0,0,0,0,0,0,0,0,0,0,0,0,0,,,,,59,,,
59,AUTOPARTES MTM,,True,0,0,0,0,0,0,,,0,0,False,False,False,,,,True,0,0,0,0,0,0,,,-1,0,0,0,0,0,0,0,0,0,0,0,0,0,0,,,,,60,,,
6,ACROPOLIS ASIA PARTS C.A,,True,0,0,0,0,0,0,,,0,0,False,False,False,,,,True,0,0,0,0,0,0,,,-1,0,0,0,0,0,0,0,0,0,0,0,0,0,0,,,,,7,,,
60,"AUTOPARTES SYLAR, C.A.",,True,0,0,0,0,0,0,,,0,0,False,False,False,,,,True,0,0,0,0,0,0,,,-1,0,0,0,0,0,0,0,0,0,0,0,0,0,0,,,,,61,,,
61,"AUTOPARTES Y REPUESTOS OCCIDENTE, C.A.",,True,0,0,0,0,0,0,,,0,0,False,False,False,,,,True,0,0,0,0,0,0,,,-1,0,0,0,0,0,0,0,0,0,0,0,0,0,0,,,,,62,,,
62,AUTOPARTES Y SERVICIOS LAMBO C.A,,True,0,0,0,0,0,0,,,0,0,False,False,False,,,,True,0,0,0,0,0,0,,,-1,0,0,0,0,0,0,0,0,0,0,0,0,0,0,,,,,63,,,
63,"AUTOPARTES, A.G., C.A.",,True,0,0,0,0,0,0,,,0,0,False,False,False,,,,True,0,0,0,0,0,0,,,-1,0,0,0,0,0,0,0,0,0,0,0,0,0,0,,,,,64,,,
64,"AUTOPARTS ATENCIO 2020, C.A.",,True,0,0,0,0,0,0,,,0,0,False,False,False,,,,True,0,0,0,0,0,0,,,-1,0,0,0,0,0,0,0,0,0,0,0,0,0,0,,,,,65,,,
65,"AUTOPARTS IMPORTS, C.A.",,True,0,0,0,0,0,0,,,0,0,False,False,False,,,,True,0,0,0,0,0,0,,,-1,0,0,0,0,0,0,0,0,0,0,0,0,0,0,,,,,66,,,
66,"AUTOREPUESTOS CHABAN CHABAN, C.A.",,True,0,0,0,0,0,0,,,0,0,False,False,False,,,,True,0,0,0,0,0,0,,,-1,0,0,0,0,0,0,0,0,0,0,0,0,0,0,,,,,67,,,
67,"AUTOREPUESTOS GABRIEL, C.A.",,True,0,0,0,0,0,0,,,0,0,False,False,False,,,,True,0,0,0,0,0,0,,,-1,0,0,0,0,0,0,0,0,0,0,0,0,0,0,,,,,68,,,
68,"B & M GROUP, C.A.",,True,0,0,0,0,0,0,,,0,0,False,False,False,,,,True,0,0,0,0,0,0,,,-1,0,0,0,0,0,0,0,0,0,0,0,0,0,0,,,,,69,,,
69,B.E.G CORPORACION AUTOMOTRIZ C.A,,True,0,0,0,0,0,0,,,0,0,False,False,False,,,,True,0,0,0,0,0,0,,,-1,0,0,0,0,0,0,0,0,0,0,0,0,0,0,,,,,70,,,
7,"AGB AUTOMOTIVE PARTS, C.A.",,True,0,0,0,0,0,0,,,0,0,False,False,False,,,,True,0,0,0,0,0,0,,,-1,0,0,0,0,0,0,0,0,0,0,0,0,0,0,,,,,8,,,
70,"B.E.G. SUSPENSION, C.A.",,True,0,0,0,0,0,0,,,0,0,False,False,False,,,,True,0,0,0,0,0,0,,,-1,0,0,0,0,0,0,0,0,0,0,0,0,0,0,,,,,71,,,
71,"BAP, C.A.",,True,0,0,0,0,0,0,,,0,0,False,False,False,,,,True,0,0,0,0,0,0,,,-1,0,0,0,0,0,0,0,0,0,0,0,0,0,0,,,,,72,,,
72,"BETO REPUESTOS IMPORT, C.A.",,True,0,0,0,0,0,0,,,0,0,False,False,False,,,,True,0,0,0,0,0,0,,,-1,0,0,0,0,0,0,0,0,0,0,0,0,0,0,,,,,73,,,
73,BICIMOTO MARACAIBO C.A.,,True,0,0,0,0,0,0,,,0,0,False,False,False,,,,True,0,0,0,0,0,0,,,-1,0,0,0,0,0,0,0,0,0,0,0,0,0,0,,,,,74,,,
74,"BOOM TRADING AUTO PARTS, C.A.",,True,0,0,0,0,0,0,,,0,0,False,False,False,,,,True,0,0,0,0,0,0,,,-1,0,0,0,0,0,0,0,0,0,0,0,0,0,0,,,,,75,,,
75,BULTAKO C.A,,True,0,0,0,0,0,0,,,0,0,False,False,False,,,,True,0,0,0,0,0,0,,,-1,0,0,0,0,0,0,0,0,0,0,0,0,0,0,,,,,76,,,
76,BUSANPARTS C.A,,True,0,0,0,0,0,0,,,0,0,False,False,False,,,,True,0,0,0,0,0,0,,,-1,0,0,0,0,0,0,0,0,0,0,0,0,0,0,,,,,77,,,
77,"CAR-CARE DEL ZULIA, C.A.",,True,0,0,0,0,0,0,,,0,0,False,False,False,,,,True,0,0,0,0,0,0,,,-1,0,0,0,0,0,0,0,0,0,0,0,0,0,0,,,,,78,,,
78,"CARACHE PARTS, C.A.",,True,0,0,0,0,0,0,,,0,0,False,False,False,,,,True,0,0,0,0,0,0,,,-1,0,0,0,0,0,0,0,0,0,0,0,0,0,0,,,,,79,,,
79,"CARLOS MARQUES, C.A.",,True,0,0,0,0,0,0,,,0,0,False,False,False,,,,True,0,0,0,0,0,0,,,-1,0,0,0,0,0,0,0,0,0,0,0,0,0,0,,,,,80,,,
8,"AGONO, C.A.",,True,0,0,0,0,0,0,,,0,0,False,False,False,,,,True,0,0,0,0,0,0,,,-1,0,0,0,0,0,0,0,0,0,0,0,0,0,0,,,,,9,,,
80,CARLOS RAMON MEDINA ESPINA,,True,0,0,0,0,0,0,,,0,0,False,False,False,,,,True,0,0,0,0,0,0,,,-1,0,0,0,0,0,0,0,0,0,0,0,0,0,0,,,,,81,,,
81,"CARROCERIAS Y PARTES LA 76, C.A.",,True,0,0,0,0,0,0,,,0,0,False,False,False,,,,True,0,0,0,0,0,0,,,-1,0,0,0,0,0,0,0,0,0,0,0,0,0,0,,,,,82,,,
82,"CARTAGO, C.A.",,True,0,0,0,0,0,0,,,0,0,False,False,False,,,,True,0,0,0,0,0,0,,,-1,0,0,0,0,0,0,0,0,0,0,0,0,0,0,,,,,83,,,
83,"CHAVACAL, C.A",,True,0,0,0,0,0,0,,,0,0,False,False,False,,,,True,0,0,0,0,0,0,,,-1,0,0,0,0,0,0,0,0,0,0,0,0,0,0,,,,,84,,,
84,"CHERY CARS, C.A",,True,0,0,0,0,0,0,,,0,0,False,False,False,,,,True,0,0,0,0,0,0,,,-1,0,0,0,0,0,0,0,0,0,0,0,0,0,0,,,,,85,,,
85,"CIRSCA, C.A.",,True,0,0,0,0,0,0,,,0,0,False,False,False,,,,True,0,0,0,0,0,0,,,-1,0,0,0,0,0,0,0,0,0,0,0,0,0,0,,,,,86,,,
86,"CITROM, C.A.",,True,0,0,0,0,0,0,,,0,0,False,False,False,,,,True,0,0,0,0,0,0,,,-1,0,0,0,0,0,0,0,0,0,0,0,0,0,0,,,,,87,,,
87,"CLARDI, C.A.",,True,0,0,0,0,0,0,,,0,0,False,False,False,,,,True,0,0,0,0,0,0,,,-1,0,0,0,0,0,0,0,0,0,0,0,0,0,0,,,,,88,,,
88,"COMERCIAL GONZALEZ PIÑA, C.A.",,True,0,0,0,0,0,0,,,0,0,False,False,False,,,,True,0,0,0,0,0,0,,,-1,0,0,0,0,0,0,0,0,0,0,0,0,0,0,,,,,89,,,
89,COMERCIAL MARTINS C.A,,True,0,0,0,0,0,0,,,0,0,False,False,False,,,,True,0,0,0,0,0,0,,,-1,0,0,0,0,0,0,0,0,0,0,0,0,0,0,,,,,90,,,
9,"ALAS CORP, C.A.",,True,0,0,0,0,0,0,,,0,0,False,False,False,,,,True,0,0,0,0,0,0,,,-1,0,0,0,0,0,0,0,0,0,0,0,0,0,0,,,,,10,,,
90,"COMERCIAL MORAN, C.A.",,True,0,0,0,0,0,0,,,0,0,False,False,False,,,,True,0,0,0,0,0,0,,,-1,0,0,0,0,0,0,0,0,0,0,0,0,0,0,,,,,91,,,
91,"COMERCIALIZADORA ASIATICA, C.A.",,True,0,0,0,0,0,0,,,0,0,False,False,False,,,,True,0,0,0,0,0,0,,,-1,0,0,0,0,0,0,0,0,0,0,0,0,0,0,,,,,92,,,
92,"COMERCIALIZADORA CIERO, C.A.",,True,0,0,0,0,0,0,,,0,0,False,False,False,,,,True,0,0,0,0,0,0,,,-1,0,0,0,0,0,0,0,0,0,0,0,0,0,0,,,,,93,,,
93,"COMERCIALIZADORA E INVERSIONES GAKIR, C.",,True,0,0,0,0,0,0,,,0,0,False,False,False,,,,True,0,0,0,0,0,0,,,-1,0,0,0,0,0,0,0,0,0,0,0,0,0,0,,,,,94,,,
94,"COMERCIALIZADORA MI CHINITA, C.A.",,True,0,0,0,0,0,0,,,0,0,False,False,False,,,,True,0,0,0,0,0,0,,,-1,0,0,0,0,0,0,0,0,0,0,0,0,0,0,,,,,95,,,
95,"COMERCIALIZADORA TEGARCO, C.A.",,True,0,0,0,0,0,0,,,0,0,False,False,False,,,,True,0,0,0,0,0,0,,,-1,0,0,0,0,0,0,0,0,0,0,0,0,0,0,,,,,96,,,
96,"COMERCIALIZADORA VENEZOLANA COVECA, CA",,True,0,0,0,0,0,0,,,0,0,False,False,False,,,,True,0,0,0,0,0,0,,,-1,0,0,0,0,0,0,0,0,0,0,0,0,0,0,,,,,97,,,
97,"COMERCIALIZADORA YURIANDRE, C.A.",,True,0,0,0,0,0,0,,,0,0,False,False,False,,,,True,0,0,0,0,0,0,,,-1,0,0,0,0,0,0,0,0,0,0,0,0,0,0,,,,,98,,,
98,COMSERMICA,,True,0,0,0,0,0,0,,,0,0,False,False,False,,,,True,0,0,0,0,0,0,,,-1,0,0,0,0,0,0,0,0,0,0,0,0,0,0,,,,,99,,,
99,COOPERATIVA VENEZOLANA DE PROCURA Y SERV,,True,0,0,0,0,0,0,,,0,0,False,False,False,,,,True,0,0,0,0,0,0,,,-1,0,0,0,0,0,0,0,0,0,0,0,0,0,0,,,,,100,,,
COP,"CORPO ASIA I, C.A",,True,0,0,0,0,0,0,,,0,0,False,False,False,,,,True,0,0,0,0,0,0,,,-1,0,0,0,0,0,0,0,0,0,0,0,0,0,0,,,,,528,,,
